episode,reward,avg_reward,max_reward,min_reward,entropy,policy_loss,value_loss
1,-21.0,-21.0,-21.0,-21.0,1.7890411522239447,0.001028824073728174,0.10562918480718508
2,-21.0,-21.0,-21.0,-21.0,1.78881015162915,-0.0006836868633399718,0.13172568497247994
3,-19.0,-20.333333333333332,-19.0,-21.0,1.7878678794950247,0.0007744824251858518,0.11571573402034119
4,-19.0,-20.0,-19.0,-21.0,1.7888313438743353,-0.0004055656463606283,0.09245285426732153
5,-20.0,-20.0,-19.0,-21.0,1.7857367554679513,-0.007846779146348126,0.07102994414162822
6,-21.0,-20.166666666666668,-19.0,-21.0,1.7843492506071925,-0.009618537485948764,0.0647964607051108
7,-20.0,-20.142857142857142,-19.0,-21.0,1.7813469432294369,-0.010044751994428225,0.04337610301445238
8,-21.0,-20.25,-19.0,-21.0,1.7764884363859892,-0.012734722913592122,0.06211397654260509
9,-21.0,-20.333333333333332,-19.0,-21.0,1.7731730500236154,-0.01277129964728374,0.06951689883135259
10,-20.0,-20.3,-19.0,-21.0,1.7667621672153473,-0.012561773182824254,0.039994801496504806
11,-21.0,-20.363636363636363,-19.0,-21.0,1.7608275664970279,-0.014936996296455618,0.0505659008922521
12,-21.0,-20.416666666666668,-19.0,-21.0,1.751028629951179,-0.016754367228713818,0.06736681071924977
13,-18.0,-20.23076923076923,-18.0,-21.0,1.7490707924589515,-0.013569052971433848,0.047505168651696295
14,-21.0,-20.285714285714285,-18.0,-21.0,1.7547919480130076,-0.013448321260511875,0.05341966447304003
15,-21.0,-20.333333333333332,-18.0,-21.0,1.7542155059054494,-0.013681546653970145,0.060938708717003465
16,-21.0,-20.375,-18.0,-21.0,1.7367443898692727,-0.014448699919739738,0.049739248846890405
17,-20.0,-20.352941176470587,-18.0,-21.0,1.7352569065988064,-0.015522761299507692,0.036409720552910585
18,-19.0,-20.27777777777778,-18.0,-21.0,1.731064833700657,-0.01716124363883864,0.04160507416236214
19,-21.0,-20.31578947368421,-18.0,-21.0,1.7304188385605812,-0.01913703407626599,0.04972106861532666
20,-17.0,-20.15,-17.0,-21.0,1.7283709971234202,-0.02088489911693614,0.05302734480937943
21,-20.0,-20.142857142857142,-17.0,-21.0,1.7374570909887552,-0.01933894187095575,0.05594564649800304
22,-20.0,-20.136363636363637,-17.0,-21.0,1.7152100941166282,-0.021206697841989808,0.04043043412093539
23,-20.0,-20.130434782608695,-17.0,-21.0,1.718671714887023,-0.020295009249821305,0.0631274405750446
24,-19.0,-20.083333333333332,-17.0,-21.0,1.7138169631361961,-0.022387690885807388,0.04225143224175554
25,-21.0,-20.12,-17.0,-21.0,1.694077088497579,-0.025132568458502647,0.055684286533505656
26,-20.0,-20.115384615384617,-17.0,-21.0,1.6987537033855915,-0.01759074518486159,0.07447856073849835
27,-20.0,-20.11111111111111,-17.0,-21.0,1.6882754331454635,-0.021071878698421642,0.04747067631979007
28,-20.0,-20.107142857142858,-17.0,-21.0,1.684378357604146,-0.0222952035110211,0.05271002800145652
29,-20.0,-20.103448275862068,-17.0,-21.0,1.6656869873404503,-0.02307355872471817,0.052073783925152384
30,-21.0,-20.133333333333333,-17.0,-21.0,1.6596390940248966,-0.024482848311890848,0.057395084979361854
31,-19.0,-20.096774193548388,-17.0,-21.0,1.6536690220236778,-0.02371924792532809,0.05264783822349273
32,-20.0,-20.09375,-17.0,-21.0,1.6178765846416354,-0.025411663635168225,0.041589195185224526
33,-19.0,-20.060606060606062,-17.0,-21.0,1.6402223454788327,-0.02428572270582663,0.06246495159575716
34,-16.0,-19.941176470588236,-16.0,-21.0,1.6110347528010607,-0.024972938728751615,0.06109269602166023
35,-20.0,-19.942857142857143,-16.0,-21.0,1.6041780319064856,-0.028613373069674708,0.05709676202968694
36,-21.0,-19.97222222222222,-16.0,-21.0,1.5707600275054574,-0.02667176094109891,0.05120090424316004
37,-19.0,-19.945945945945947,-16.0,-21.0,1.574302359484136,-0.026489720868994482,0.05719772103475407
38,-17.0,-19.86842105263158,-16.0,-21.0,1.5730499625205994,-0.025945508605218492,0.053256537386914715
39,-18.0,-19.82051282051282,-16.0,-21.0,1.5832516308873892,-0.02686744255333906,0.04524289943219628
40,-21.0,-19.85,-16.0,-21.0,1.5671940930187702,-0.028448318436858244,0.044123036044766195
41,-15.0,-19.73170731707317,-15.0,-21.0,1.5507777957245708,-0.026694874817621894,0.04277151796850376
42,-20.0,-19.738095238095237,-15.0,-21.0,1.5771069107577205,-0.0253913617998478,0.04020949262485374
43,-18.0,-19.697674418604652,-15.0,-21.0,1.5474434001371264,-0.02823363353672903,0.05031615882762708
44,-19.0,-19.681818181818183,-15.0,-21.0,1.5513626765459776,-0.026750101984362118,0.04239365950343199
45,-19.0,-19.666666666666668,-15.0,-21.0,1.5115574384108186,-0.028733277140418068,0.04633820960589219
46,-20.0,-19.67391304347826,-15.0,-21.0,1.52253548335284,-0.02626177470665425,0.03900099741440499
47,-19.0,-19.659574468085108,-15.0,-21.0,1.4926163386553526,-0.027684118329489138,0.032157895337149967
48,-16.0,-19.583333333333332,-15.0,-21.0,1.4871117994189262,-0.02978672384051606,0.04640064109116793
49,-16.0,-19.510204081632654,-15.0,-21.0,1.4891071543097496,-0.029232940221845638,0.04452918021706864
50,-17.0,-19.46,-15.0,-21.0,1.4958580266684294,-0.030947808219934814,0.03355441452731611
51,-17.0,-19.41176470588235,-15.0,-21.0,1.479376438073814,-0.029035839201242197,0.03890392560424516
52,-19.0,-19.403846153846153,-15.0,-21.0,1.4568908894434571,-0.031085790193174034,0.04099183439393528
53,-20.0,-19.41509433962264,-15.0,-21.0,1.487220930866897,-0.029376565908023622,0.03965882096963469
54,-17.0,-19.37037037037037,-15.0,-21.0,1.4505068799480796,-0.0318948830536101,0.03528680950694252
55,-19.0,-19.363636363636363,-15.0,-21.0,1.4359987042844296,-0.029782121069729328,0.03760513077577343
56,-18.0,-19.339285714285715,-15.0,-21.0,1.4267061492428184,-0.02798430691473186,0.04585196245170664
57,-21.0,-19.36842105263158,-15.0,-21.0,1.4203186966478825,-0.028588496883457992,0.038556111889192834
58,-19.0,-19.362068965517242,-15.0,-21.0,1.4454746209084988,-0.032238021078228485,0.041346765370690264
59,-21.0,-19.389830508474578,-15.0,-21.0,1.4227521819993854,-0.0313201870303601,0.0363806428067619
60,-16.0,-19.333333333333332,-15.0,-21.0,1.4428566843271255,-0.02724986764951609,0.033875878929393366
61,-16.0,-19.278688524590162,-15.0,-21.0,1.4409172469750047,-0.0339416052956949,0.0342181190935662
62,-15.0,-19.20967741935484,-15.0,-21.0,1.359479016624391,-0.03141868661623448,0.028800889595004264
63,-19.0,-19.206349206349206,-15.0,-21.0,1.3531871903687716,-0.02895839625853114,0.03307334953569807
64,-17.0,-19.171875,-15.0,-21.0,1.3654337041079998,-0.028490561788203195,0.02315523393554031
65,-20.0,-19.184615384615384,-15.0,-21.0,1.3211449021473527,-0.031330127523688134,0.029063917048915755
66,-19.0,-19.181818181818183,-15.0,-21.0,1.3453756039962173,-0.0299283510321402,0.026329640539188404
67,-18.0,-19.16417910447761,-15.0,-21.0,1.3022164786234498,-0.027324615250108764,0.03385059173160698
68,-17.0,-19.13235294117647,-15.0,-21.0,1.3079925114288926,-0.02893446639063768,0.041987834716564976
69,-19.0,-19.130434782608695,-15.0,-21.0,1.317006685771048,-0.02542561711743474,0.05515710104373284
70,-19.0,-19.12857142857143,-15.0,-21.0,1.3222734685987234,-0.029984430962940678,0.05006463066092692
71,-21.0,-19.154929577464788,-15.0,-21.0,1.3686027275398374,-0.03309471638931427,0.03762738841760438
72,-17.0,-19.125,-15.0,-21.0,1.344195588491857,-0.03187983636598801,0.03288840008463012
73,-21.0,-19.15068493150685,-15.0,-21.0,1.3277876498177648,-0.030471726480755024,0.026889497545198537
74,-15.0,-19.094594594594593,-15.0,-21.0,1.2846733229234815,-0.029665632799151354,0.03459496633877279
75,-19.0,-19.093333333333334,-15.0,-21.0,1.26174970343709,-0.029245534678921103,0.030301929844426923
76,-18.0,-19.07894736842105,-15.0,-21.0,1.274970704689622,-0.030086522878264077,0.022360405506333336
77,-21.0,-19.103896103896105,-15.0,-21.0,1.2972577065229416,-0.03047977558162529,0.03733978905074764
78,-15.0,-19.05128205128205,-15.0,-21.0,1.2214295836165547,-0.02946004006662406,0.032051311114628334
79,-17.0,-19.025316455696203,-15.0,-21.0,1.2608141908422112,-0.029960700558149256,0.034093178786861245
80,-17.0,-19.0,-15.0,-21.0,1.2528449231758714,-0.027079150459030643,0.03317786983825499
81,-17.0,-18.97530864197531,-15.0,-21.0,1.300945034250617,-0.03028282402374316,0.02819148277194472
82,-18.0,-18.963414634146343,-15.0,-21.0,1.275268042460084,-0.028960912917682435,0.027776473230915144
83,-16.0,-18.927710843373493,-15.0,-21.0,1.2543663792312145,-0.029356898681726307,0.02843118515011156
84,-18.0,-18.916666666666668,-15.0,-21.0,1.2478613471612334,-0.03031621622358216,0.03173451672773808
85,-15.0,-18.870588235294118,-15.0,-21.0,1.264583365060389,-0.03287260714569129,0.02699121495243162
86,-19.0,-18.872093023255815,-15.0,-21.0,1.2517240727320313,-0.028619049975532107,0.03426759201101959
87,-20.0,-18.885057471264368,-15.0,-21.0,1.2153917318210006,-0.02924900878133485,0.024755085185461212
88,-20.0,-18.897727272727273,-15.0,-21.0,1.2526850430294871,-0.030015420794370584,0.0290429313245113
89,-20.0,-18.910112359550563,-15.0,-21.0,1.1489149988628924,-0.02397912814922165,0.02722173781512538
90,-15.0,-18.866666666666667,-15.0,-21.0,1.1061443337239325,-0.02807740464049857,0.03209758345474256
91,-15.0,-18.824175824175825,-15.0,-21.0,1.2631884347647429,-0.031643810332752764,0.024796657169645187
92,-19.0,-18.82608695652174,-15.0,-21.0,1.1122955279424787,-0.02844213567004772,0.03465809080807958
93,-17.0,-18.806451612903224,-15.0,-21.0,1.0878268443048,-0.02655832641903544,0.027943983281147666
94,-18.0,-18.79787234042553,-15.0,-21.0,1.0439659575931728,-0.021617016231175512,0.028961042284208816
95,-18.0,-18.789473684210527,-15.0,-21.0,1.1467979312874377,-0.03158726391848177,0.027699922735337168
96,-16.0,-18.760416666666668,-15.0,-21.0,1.0892996191978455,-0.02537620213115588,0.04529786281636916
97,-17.0,-18.742268041237114,-15.0,-21.0,1.0441215699538589,-0.02787694102153182,0.03995468313223682
98,-17.0,-18.724489795918366,-15.0,-21.0,1.1379100568592548,-0.027928770447033457,0.03956790355005069
99,-19.0,-18.727272727272727,-15.0,-21.0,1.1027309745550156,-0.030140929113258608,0.03173470740148332
100,-20.0,-18.74,-15.0,-21.0,1.13980349060148,-0.027176784264156595,0.056316305330256
101,-20.0,-18.73,-15.0,-21.0,1.2649865141138434,-0.033972703298786655,0.039385071489959955
102,-16.0,-18.68,-15.0,-21.0,1.1040383498184383,-0.029022649374383036,0.05071498999313917
103,-21.0,-18.7,-15.0,-21.0,1.0717633883468807,-0.028531214513350278,0.02662681191941374
104,-18.0,-18.69,-15.0,-21.0,1.1635308414697647,-0.03277184457692783,0.03060394852218451
105,-12.0,-18.61,-12.0,-21.0,1.0563803748227656,-0.023740295771858655,0.04492212417972041
106,-12.0,-18.52,-12.0,-21.0,1.0943291732110083,-0.0266596765286522,0.028232548233063426
107,-17.0,-18.49,-12.0,-21.0,1.1231327513232827,-0.03012979368213564,0.03782298268924933
108,-15.0,-18.43,-12.0,-21.0,1.0600950750522316,-0.02702459839201765,0.03242867474909872
109,-18.0,-18.4,-12.0,-21.0,1.1282646721228957,-0.031555021938402206,0.029877832646889146
110,-21.0,-18.41,-12.0,-21.0,1.1682079201564193,-0.029491177687305026,0.043042756311479025
111,-13.0,-18.33,-12.0,-21.0,1.1885291673243046,-0.02910476784745697,0.03250191094412003
112,-17.0,-18.29,-12.0,-21.0,1.2048117723315954,-0.029324624745640904,0.03354125743499026
113,-19.0,-18.3,-12.0,-21.0,1.1533952187746763,-0.029264207332744263,0.037228535540634766
114,-8.0,-18.17,-8.0,-21.0,1.104497185908258,-0.02779686670692172,0.044233653985429555
115,-18.0,-18.14,-8.0,-21.0,1.1679722871631384,-0.03204717312473804,0.03043974418687867
116,-14.0,-18.07,-8.0,-21.0,1.1694637890905142,-0.027887408577953465,0.03378772277937969
117,-18.0,-18.05,-8.0,-21.0,1.0970935435034335,-0.028730167483445257,0.030793221631029155
118,-15.0,-18.01,-8.0,-21.0,1.2040564622730017,-0.03285281918942928,0.025959019032598007
119,-13.0,-17.93,-8.0,-21.0,1.204736277461052,-0.022756183221645188,0.035256398005003575
120,-13.0,-17.89,-8.0,-21.0,1.1092965179122984,-0.029490681561583187,0.03421753639122471
121,-17.0,-17.86,-8.0,-21.0,1.1898203557357192,-0.032393637287896127,0.030270949369878508
122,-13.0,-17.79,-8.0,-21.0,1.087201853748411,-0.029527047779993154,0.027597195272392128
123,-11.0,-17.7,-8.0,-21.0,1.0476539838127792,-0.027685364526405465,0.02805479077505879
124,-12.0,-17.63,-8.0,-21.0,1.0255181738175452,-0.028099328894313658,0.027786501952505205
125,-13.0,-17.55,-8.0,-21.0,1.1571077750995755,-0.029935006474261172,0.034503149588999804
126,-13.0,-17.48,-8.0,-21.0,1.0975360018201172,-0.02951131966256071,0.03456458643631777
127,-21.0,-17.49,-8.0,-21.0,1.0309872794896364,-0.02924162666022312,0.031143818516284227
128,-8.0,-17.37,-8.0,-21.0,1.022016994189471,-0.02629093295399798,0.02638823203960783
129,-13.0,-17.3,-8.0,-21.0,1.076094617601484,-0.030684802564792335,0.022721136665495578
130,-12.0,-17.21,-8.0,-21.0,0.949742226395756,-0.02281253300316166,0.042463553851121105
131,-17.0,-17.19,-8.0,-21.0,0.9813711061142385,-0.02755220815015491,0.04070172270439798
132,-13.0,-17.12,-8.0,-21.0,1.028669717721641,-0.026887469561188482,0.036032800511748064
133,-12.0,-17.05,-8.0,-21.0,1.0114835533313453,-0.02745881143346196,0.028027338747051544
134,-16.0,-17.05,-8.0,-21.0,0.9665753222070634,-0.023660696831939276,0.035495891846949235
135,-15.0,-17.0,-8.0,-21.0,1.1627625590190291,-0.027600008543231525,0.04573067715682555
136,-17.0,-16.96,-8.0,-21.0,1.2631408236920834,-0.03159969585976796,0.03851588034740416
137,-15.0,-16.92,-8.0,-21.0,1.0052183805964887,-0.02606989603373222,0.02882401334500173
138,-14.0,-16.89,-8.0,-21.0,0.9581582392565906,-0.027153840812388808,0.028170553843665402
139,-16.0,-16.87,-8.0,-21.0,0.9660474332049489,-0.02448042882315349,0.03940646041883156
140,-13.0,-16.79,-8.0,-21.0,1.0478438478894532,-0.026493040830246173,0.03521499456837773
141,-5.0,-16.69,-5.0,-21.0,0.9314994071610272,-0.026733681457699277,0.03780064186139498
142,-11.0,-16.6,-5.0,-21.0,1.0236413655802608,-0.028946633799932897,0.03084803977253614
143,-9.0,-16.51,-5.0,-21.0,0.9918531491421163,-0.02678415607806528,0.030182004091329873
144,-7.0,-16.39,-5.0,-21.0,0.9422461842186749,-0.02468983556900639,0.031404381690663286
145,-17.0,-16.37,-5.0,-21.0,1.111390066333115,-0.03145483967819018,0.03968833862745669
146,-13.0,-16.3,-5.0,-21.0,0.9663138277828693,-0.023651096140383743,0.0382869038003264
147,-9.0,-16.2,-5.0,-21.0,1.2216842407360673,-0.034848938972572796,0.036585260822903365
148,-15.0,-16.19,-5.0,-21.0,1.2809669496491551,-0.03755962090508547,0.04140617345547071
149,-20.0,-16.23,-5.0,-21.0,1.037525919266045,-0.02714646078675287,0.039900089366710745
150,-15.0,-16.21,-5.0,-21.0,1.043303448241204,-0.030690097562910523,0.04149577246425906
151,-15.0,-16.19,-5.0,-21.0,1.0546223144046962,-0.030095589863776695,0.03787254879716784
152,-9.0,-16.09,-5.0,-21.0,1.0286229806952178,-0.03255326417274773,0.03583861041261116
153,-9.0,-15.98,-5.0,-21.0,1.194514607079327,-0.03338907766737975,0.02961246090126224
154,-13.0,-15.94,-5.0,-21.0,0.9772726544179022,-0.029154599411413074,0.04152975774195511
155,-13.0,-15.88,-5.0,-21.0,1.224170203320682,-0.03324155205336865,0.04209055576939136
156,4.0,-15.66,4.0,-21.0,1.200838060118258,-0.034799535817001015,0.03778718189278152
157,-16.0,-15.61,4.0,-21.0,1.1849055094644427,-0.03373027125780936,0.028898769960505888
158,-18.0,-15.6,4.0,-21.0,0.9793710089288652,-0.029483443657227326,0.03442824907688191
159,-10.0,-15.49,4.0,-21.0,0.9906447781249881,-0.03068208086915547,0.03568848991562845
160,-13.0,-15.46,4.0,-21.0,1.256383121944964,-0.03374407613591757,0.03655662921664771
161,-9.0,-15.39,4.0,-21.0,0.9869212154299021,-0.028960935203940608,0.03978018348425394
162,-5.0,-15.29,4.0,-21.0,1.1798413274809718,-0.029912128200521693,0.034190454534837045
163,-10.0,-15.2,4.0,-21.0,0.9562573423609138,-0.02843197876063641,0.03864868664459209
164,-16.0,-15.19,4.0,-21.0,1.0650188871659338,-0.02751816993986722,0.04463937239052029
165,-15.0,-15.14,4.0,-21.0,0.9947025580331683,-0.026839167228899896,0.031377932860777946
166,-9.0,-15.04,4.0,-21.0,0.9349660696461797,-0.025649059178249445,0.03628535759344231
167,-6.0,-14.92,4.0,-21.0,1.026091720443219,-0.02821200859034434,0.025498354581941385
168,-18.0,-14.93,4.0,-21.0,0.9390889070928097,-0.027488493440614548,0.03323481582629029
169,-6.0,-14.8,4.0,-21.0,1.013367477338761,-0.02905041076883208,0.030484404909657314
170,-11.0,-14.72,4.0,-21.0,1.108571880031377,-0.033766939137422014,0.03353698080172762
171,-7.0,-14.58,4.0,-21.0,1.135443993844092,-0.02847904321970418,0.03914789456757717
172,-11.0,-14.52,4.0,-21.0,0.9578865664079785,-0.02803674821916502,0.027560785398236476
173,-15.0,-14.46,4.0,-21.0,0.9721268862485886,-0.02532372322457377,0.036049163645657245
174,-6.0,-14.37,4.0,-21.0,1.198139668442309,-0.03638798790052533,0.030484730363241397
175,-11.0,-14.29,4.0,-21.0,0.9828976704739034,-0.029417300698696636,0.031626483469153754
176,-16.0,-14.27,4.0,-21.0,0.848814545199275,-0.02374566344951745,0.03320978947158437
177,-7.0,-14.13,4.0,-21.0,1.0630134702660143,-0.028044267222867347,0.03202578800119227
178,-8.0,-14.06,4.0,-21.0,0.8739922968670726,-0.021582404369837604,0.03282226719602477
179,-10.0,-13.99,4.0,-21.0,0.933110895100981,-0.027889526361832395,0.032409103245299775
180,-14.0,-13.96,4.0,-21.0,1.1297513637691736,-0.03265836961509194,0.038562946327147074
181,-18.0,-13.97,4.0,-21.0,0.9704841040074825,-0.02887369716336252,0.03471006444306113
182,-10.0,-13.89,4.0,-21.0,1.1396497702226043,-0.03097528614307521,0.03719092048413586
183,-18.0,-13.91,4.0,-21.0,0.989276590757072,-0.02720006748859305,0.02979006756504532
184,-15.0,-13.88,4.0,-21.0,1.1705743530765176,-0.03560502734762849,0.03330383133288706
185,-4.0,-13.77,4.0,-21.0,1.0377609692513943,-0.03211999012273736,0.03910557804920245
186,-12.0,-13.7,4.0,-21.0,0.9751336295157671,-0.025900779859512113,0.03003246578737162
187,-11.0,-13.61,4.0,-21.0,0.9446798176504672,-0.025356618403748143,0.02957818014692748
188,-3.0,-13.44,4.0,-21.0,0.9385094782337546,-0.026074904366396368,0.031037400018249173
189,-15.0,-13.39,4.0,-21.0,0.9016557713039219,-0.023107152948796283,0.03265536895196419
190,-9.0,-13.33,4.0,-21.0,1.146360317710787,-0.03362467045371886,0.043991616839775816
191,-13.0,-13.31,4.0,-21.0,0.967530875466764,-0.026579466721159406,0.04038928671798203
192,-11.0,-13.23,4.0,-21.0,0.9152298644185066,-0.025532347164698876,0.029224628633528482
193,-6.0,-13.12,4.0,-21.0,0.9493837654590607,-0.024389831538428552,0.03284157702000812
194,-8.0,-13.02,4.0,-21.0,0.8955850661732256,-0.02524122499744408,0.028324763166892808
195,-8.0,-12.92,4.0,-21.0,0.8750292491167784,-0.024459051448502578,0.03412829114677152
196,-10.0,-12.86,4.0,-21.0,0.9456206657923758,-0.028260589417186566,0.035126780305290595
197,-5.0,-12.74,4.0,-21.0,0.7818412315100431,-0.022240513033466414,0.030668771447381005
198,-10.0,-12.67,4.0,-21.0,1.0672156270593405,-0.030948611281928606,0.04012472353497287
199,-19.0,-12.67,4.0,-21.0,0.7159208315424621,-0.02176677278475836,0.033023284377122764
200,-14.0,-12.61,4.0,-21.0,0.8803852163255215,-0.02593908084963914,0.027635142774670385
201,-9.0,-12.5,4.0,-21.0,1.0013677645474672,-0.02431090478785336,0.03431921670562588
202,7.0,-12.27,7.0,-21.0,0.9514468763954937,-0.029538626549765468,0.0260216831593425
203,-11.0,-12.17,7.0,-21.0,1.0204623909667134,-0.03140854657976888,0.04070758480520453
204,-5.0,-12.04,7.0,-21.0,0.7987919067963958,-0.0251185959787108,0.03110154341266025
205,2.0,-11.9,7.0,-21.0,1.1535255089402199,-0.03525431078742258,0.035329614744114224
206,-2.0,-11.8,7.0,-21.0,1.0498632220551372,-0.030524307454470545,0.03673713549505919
207,-8.0,-11.71,7.0,-21.0,1.2130702063441277,-0.034286013833479956,0.045941835167468525
208,-11.0,-11.67,7.0,-21.0,1.1135217971168458,-0.031916587526211515,0.0321447223686846
209,-8.0,-11.57,7.0,-21.0,0.9070658828131855,-0.02799930388573557,0.032819527987157926
210,9.0,-11.27,9.0,-21.0,0.999346412718296,-0.02712737312685931,0.03146748773724539
211,-8.0,-11.22,9.0,-21.0,0.9307026164606214,-0.028719966852804646,0.03018673390033655
212,-11.0,-11.16,9.0,-21.0,1.0489443461410701,-0.03168797907710541,0.031416328660270665
213,-4.0,-11.01,9.0,-21.0,1.037012298591435,-0.03184242724091746,0.0319162390587735
214,-12.0,-11.05,9.0,-21.0,1.107517406810075,-0.03336361465335358,0.046953510369348805
215,-5.0,-10.92,9.0,-21.0,1.058693748433143,-0.029309720630408265,0.03656157583463937
216,9.0,-10.69,9.0,-21.0,0.9978966764174402,-0.027581423266383354,0.032342117752705235
217,10.0,-10.41,10.0,-21.0,0.9750737166032195,-0.024484194174874574,0.03539743748115143
218,-13.0,-10.39,10.0,-21.0,0.9393348703160882,-0.02766368494485505,0.027988905283564236
219,-21.0,-10.47,10.0,-21.0,0.72441211855039,-0.0212627768778475,0.03294805959012592
220,-19.0,-10.53,10.0,-21.0,1.041110785678029,-0.03135202475823462,0.039178977684059646
221,7.0,-10.29,10.0,-21.0,1.1320971986278892,-0.03616392982803518,0.03446531220106408
222,-14.0,-10.3,10.0,-21.0,1.0594317051582038,-0.03270378267916385,0.025860207810183056
223,-11.0,-10.3,10.0,-21.0,1.0401625344529748,-0.028655651687586214,0.029453472518071067
224,-16.0,-10.34,10.0,-21.0,0.8687514350749552,-0.02478369840537198,0.025677171666757204
225,-11.0,-10.32,10.0,-21.0,1.0439437320455909,-0.0315573883781326,0.03445188079786021
226,-10.0,-10.29,10.0,-21.0,0.9278578194789588,-0.029479250297299586,0.02459909993922338
227,-5.0,-10.13,10.0,-21.0,0.9780861330218613,-0.028289681860769633,0.02868132048024563
228,-2.0,-10.07,10.0,-21.0,1.159814395941794,-0.03296944605244789,0.03912519990262808
229,4.0,-9.9,10.0,-21.0,0.883882088586688,-0.027739481811295263,0.031360653330921195
230,-8.0,-9.86,10.0,-21.0,0.8092526723630726,-0.026783118497405667,0.026102566025656415
231,8.0,-9.61,10.0,-21.0,1.18331653252244,-0.03455868488526903,0.04169210835243575
232,-6.0,-9.54,10.0,-21.0,1.073828483466059,-0.030971035885158926,0.03359381935297279
233,7.0,-9.35,10.0,-21.0,0.8878948017954826,-0.02562998145003803,0.030812073207926005
234,-9.0,-9.28,10.0,-21.0,0.9237955431453884,-0.02867790799064096,0.025171298861096147
235,-4.0,-9.17,10.0,-21.0,0.8803556375205517,-0.02439263413543813,0.03083729345962638
236,-5.0,-9.05,10.0,-21.0,0.8051544362679124,-0.025239709117158782,0.02194655426137615
237,-9.0,-8.99,10.0,-21.0,0.847787281498313,-0.026541145154624246,0.022299790820397902
238,-7.0,-8.92,10.0,-21.0,0.9019744554534554,-0.026792092408868484,0.03238370808685431
239,-5.0,-8.81,10.0,-21.0,0.6802164993714541,-0.022591093947994523,0.02777186293678824
240,-11.0,-8.79,10.0,-21.0,1.0955778653733432,-0.03423070099961478,0.02543842333398061
241,-10.0,-8.84,10.0,-21.0,0.9680604906752706,-0.029262953336001374,0.02717567526269704
242,3.0,-8.7,10.0,-21.0,1.131877709645778,-0.031434899457963184,0.039021064854750875
243,-20.0,-8.81,10.0,-21.0,0.9681318984366953,-0.029454873052600306,0.030650566055555828
244,6.0,-8.68,10.0,-21.0,0.7747828112915158,-0.023032651653920766,0.028581621321791317
245,-2.0,-8.53,10.0,-21.0,0.7515699835494161,-0.020778738224180415,0.02016026384444558
246,-8.0,-8.48,10.0,-21.0,0.8906567674130201,-0.0246986765996553,0.028182765658129938
247,-4.0,-8.43,10.0,-21.0,1.087904208805412,-0.03383876471343683,0.0390130643354496
248,-10.0,-8.38,10.0,-21.0,0.830565370619297,-0.026343055491452105,0.021383038932981435
249,-11.0,-8.29,10.0,-21.0,1.182505689561367,-0.03748985969286878,0.03919186306302436
250,2.0,-8.12,10.0,-21.0,1.1061288621276617,-0.030631331057520583,0.0335288018322899
251,-11.0,-8.08,10.0,-21.0,0.8077897308394313,-0.025858508015517145,0.030212731471692678
252,5.0,-7.94,10.0,-21.0,1.1386438747867942,-0.02938227243430447,0.05760840038419701
253,8.0,-7.77,10.0,-21.0,0.9465780537575483,-0.027592267826548778,0.0294851069629658
254,-12.0,-7.76,10.0,-21.0,1.1240023225545883,-0.03560487758659292,0.03445434255263535
255,-15.0,-7.78,10.0,-21.0,0.8854604572989047,-0.027663172455504537,0.025268181976571213
256,15.0,-7.67,15.0,-21.0,0.8773106662556529,-0.025170265726046637,0.027343316112819593
257,-4.0,-7.55,15.0,-21.0,0.8989628381095827,-0.02830700046615675,0.027989277507003862
258,-6.0,-7.43,15.0,-21.0,0.8986922898329794,-0.029017676832154393,0.024693196988664567
259,15.0,-7.18,15.0,-21.0,1.1427723891101778,-0.03338894061744213,0.04044049813091988
260,-5.0,-7.1,15.0,-21.0,1.0655554998666048,-0.03533132503798697,0.03130923465141677
261,5.0,-6.96,15.0,-21.0,0.9716341784223914,-0.029434126627165824,0.02682689167704666
262,-12.0,-7.03,15.0,-21.0,0.8409581775777042,-0.024841751153871883,0.02896951712318696
263,-2.0,-6.95,15.0,-21.0,0.9780494938604534,-0.03126302898454014,0.026404975200421177
264,5.0,-6.74,15.0,-21.0,0.7611696813255548,-0.023745252707158215,0.02847030636621639
265,-1.0,-6.6,15.0,-21.0,1.1830362752079964,-0.03638916342606535,0.041682276169012766
266,-10.0,-6.61,15.0,-21.0,1.3183606769889593,-0.036035237688338384,0.06229849699593615
267,-6.0,-6.61,15.0,-21.0,0.9097280586138368,-0.026378033944638446,0.024246009277703706
268,14.0,-6.29,15.0,-21.0,0.892356582917273,-0.02914185350527987,0.029638454019732308
269,-8.0,-6.31,15.0,-21.0,0.9576438246294856,-0.030860881372063886,0.023895197962701786
270,-4.0,-6.24,15.0,-21.0,0.7867591544054449,-0.02542008705495391,0.02503508696827339
271,11.0,-6.06,15.0,-21.0,0.6760026484262198,-0.02285788337030681,0.024646775280416477
272,13.0,-5.82,15.0,-21.0,1.0718248398043215,-0.029583598967292346,0.0397559027915122
273,13.0,-5.54,15.0,-21.0,1.0023896032944322,-0.027814655972179025,0.035316307221364696
274,-4.0,-5.52,15.0,-21.0,1.043994882144034,-0.033538236559252255,0.026332668741815723
275,3.0,-5.38,15.0,-21.0,1.058977889828384,-0.03259302278456744,0.03940610247082077
276,-4.0,-5.26,15.0,-21.0,0.7782788220793009,-0.02311183651909232,0.03135082548396895
277,-7.0,-5.26,15.0,-21.0,0.8763981377705932,-0.028194813457957935,0.032135299654328264
278,-3.0,-5.21,15.0,-21.0,0.9229919849894941,-0.030321497149998322,0.02708076261478709
279,10.0,-5.01,15.0,-21.0,1.1300903698429465,-0.028608798500499688,0.060795107230660506
280,-1.0,-4.88,15.0,-21.0,0.7323668110184371,-0.02389275013410952,0.034291429234144744
281,-12.0,-4.82,15.0,-21.0,0.6222050304058939,-0.019584465204388835,0.03267332813993562
282,-11.0,-4.83,15.0,-21.0,0.9769999273121357,-0.031033336228574626,0.03117791368276812
283,4.0,-4.61,15.0,-21.0,0.78390729194507,-0.023983450315427035,0.02869599778932752
284,12.0,-4.34,15.0,-21.0,0.667135561350733,-0.020080681213585194,0.02747626464770292
285,13.0,-4.17,15.0,-21.0,0.7202634681016207,-0.022141561392345466,0.020163884466455784
286,-11.0,-4.16,15.0,-21.0,0.8383574648760259,-0.025244896809454076,0.026918794625089504
287,2.0,-4.03,15.0,-21.0,1.1270417855121195,-0.03023743780067889,0.043407647470303345
288,3.0,-3.97,15.0,-21.0,0.5846644057892263,-0.0177561710588634,0.030810649339400697
289,7.0,-3.75,15.0,-21.0,0.8748934441246092,-0.024931451567681506,0.03813609289500164
290,12.0,-3.54,15.0,-21.0,0.8895059432834387,-0.02710096504597459,0.03658473776158644
291,-11.0,-3.52,15.0,-21.0,1.0743344575166702,-0.030661461045383476,0.05644477980968077
292,-12.0,-3.53,15.0,-21.0,0.7013377826660872,-0.022954601445235312,0.02949768677353859
293,9.0,-3.38,15.0,-21.0,0.9004798382520676,-0.030784205249801744,0.029787705236230977
294,-2.0,-3.32,15.0,-21.0,1.04606923321262,-0.03466078204655787,0.032406945545517374
295,-1.0,-3.25,15.0,-21.0,0.7844096943736076,-0.02217663299961714,0.026916783783235587
296,-1.0,-3.16,15.0,-21.0,0.8868158585391939,-0.02951081533683464,0.03470125899184495
297,-6.0,-3.17,15.0,-21.0,0.7379919057711959,-0.023974817187990993,0.025912968681950588
298,-1.0,-3.08,15.0,-21.0,0.6662659486755729,-0.02358902181731537,0.02240639341471251
299,3.0,-2.86,15.0,-21.0,0.7905729599297047,-0.02332053658028599,0.0263894680319936
300,-5.0,-2.77,15.0,-21.0,0.9523018808104098,-0.03114313056721585,0.03148292569676414
301,-15.0,-2.83,15.0,-21.0,1.1105298842303455,-0.03713240829529241,0.0312608343156171
302,5.0,-2.85,15.0,-21.0,1.1462624184787273,-0.03539078812173102,0.04604755520995241
303,6.0,-2.68,15.0,-21.0,1.0950676975771785,-0.03570889699039981,0.028252748656086624
304,-10.0,-2.73,15.0,-21.0,0.9542748713865876,-0.02934662554616807,0.03576573347527301
305,12.0,-2.63,15.0,-21.0,0.7973458920605481,-0.026201783315627836,0.03834692708187504
306,4.0,-2.57,15.0,-21.0,0.698601997923106,-0.024569701694417745,0.02488112260834896
307,8.0,-2.41,15.0,-21.0,0.7435864699073136,-0.02536067447363166,0.02694536846684059
308,-11.0,-2.41,15.0,-21.0,0.8507787906564772,-0.027400500708608888,0.033982733002630994
309,-1.0,-2.34,15.0,-21.0,0.657338728196919,-0.0215432158584008,0.030267054222349543
310,-3.0,-2.46,15.0,-21.0,0.711526183411479,-0.02606017368088942,0.024401513474003877
311,-5.0,-2.43,15.0,-21.0,0.7849792200140655,-0.02549236817867495,0.02480498666409403
312,-1.0,-2.33,15.0,-21.0,0.9252501791343093,-0.02917350768984761,0.03168722123518819
313,-8.0,-2.37,15.0,-21.0,1.0153477266430855,-0.0344249283807585,0.034021611492789816
314,7.0,-2.18,15.0,-21.0,0.9216461596079171,-0.03175387199735269,0.02763441757269902
315,10.0,-2.03,15.0,-21.0,0.7406835844740272,-0.02361189185467083,0.03111868134146789
316,-3.0,-2.15,15.0,-21.0,0.7977584851905704,-0.026151220219617244,0.024862141166522633
317,-1.0,-2.26,15.0,-21.0,0.9681692663580179,-0.03237846125557553,0.03276861489575822
318,-1.0,-2.14,15.0,-21.0,0.6990063516423106,-0.02043199854233535,0.023704158469627146
319,6.0,-1.87,15.0,-21.0,0.8240016801282763,-0.027214369329158217,0.026839063386432827
320,-3.0,-1.71,15.0,-21.0,0.9645773046649992,-0.02781946571485605,0.043679539892764296
321,-8.0,-1.86,15.0,-21.0,1.0065586315467954,-0.03487072863208596,0.0312073333261651
322,13.0,-1.59,15.0,-21.0,0.9442742178216577,-0.031113790726521984,0.03371657314710319
323,-9.0,-1.57,15.0,-21.0,1.080236367881298,-0.03356408852414461,0.035641291600768454
324,8.0,-1.33,15.0,-21.0,0.7411254439502954,-0.025348916751681827,0.02991644746361999
325,-1.0,-1.23,15.0,-21.0,0.9615424294024706,-0.03226708730653627,0.02660508529879735
326,-12.0,-1.25,15.0,-21.0,0.9190937709063292,-0.03237539231486153,0.02800251879671123
327,7.0,-1.13,15.0,-21.0,1.0325186685658991,-0.03557580345659517,0.04335071477544261
328,-19.0,-1.3,15.0,-21.0,0.6743164784274995,-0.02442493564740289,0.02732623375050025
329,2.0,-1.32,15.0,-21.0,0.5181052875705063,-0.020320210271165706,0.03147391967650037
330,-5.0,-1.29,15.0,-21.0,1.184880857821554,-0.034750075690681115,0.042186068174487446
331,10.0,-1.27,15.0,-21.0,0.8878430342301726,-0.02976933095487766,0.028573974697792437
332,-3.0,-1.24,15.0,-21.0,0.6508937675971538,-0.02425414179742802,0.02561856393731432
333,2.0,-1.29,15.0,-21.0,0.7380328588187695,-0.023498721348005347,0.02516674923026585
334,9.0,-1.11,15.0,-21.0,0.9633725294843316,-0.03160382798523642,0.029024711264355574
335,6.0,-1.01,15.0,-21.0,0.8962483014911413,-0.03019804714131169,0.0281327745760791
336,-3.0,-0.99,15.0,-21.0,0.6886959844268858,-0.019021807544049807,0.032159969297936186
337,9.0,-0.81,15.0,-21.0,0.708868476562202,-0.02337269002600806,0.030062680736591574
338,-2.0,-0.76,15.0,-21.0,0.6010939120315015,-0.020732340068207122,0.030550831514119636
339,-1.0,-0.72,15.0,-21.0,0.7617020197212696,-0.026954699358611833,0.03396374928706791
340,8.0,-0.53,15.0,-21.0,0.6365415877662599,-0.02253069392463658,0.024414848619926488
341,11.0,-0.32,15.0,-21.0,0.9579323348589242,-0.02858985597413266,0.036388715634529945
342,-1.0,-0.36,15.0,-21.0,0.864554257132113,-0.028963290038518608,0.030565030763682444
343,8.0,-0.08,15.0,-21.0,0.8819583100266755,-0.030211989374947734,0.025427673135709483
344,-8.0,-0.22,15.0,-21.0,0.6188557811547071,-0.021231570324744098,0.028635988408495905
345,-4.0,-0.24,15.0,-21.0,0.8300372553057969,-0.028138817913713865,0.022593184832658153
346,6.0,-0.1,15.0,-21.0,0.8667944446206093,-0.02877227740827948,0.020312173874117434
347,3.0,-0.03,15.0,-21.0,0.9066709354519844,-0.029860641247068997,0.028050225620972924
348,6.0,0.13,15.0,-21.0,0.6797603946179152,-0.02225832819385687,0.026052803106722422
349,13.0,0.37,15.0,-21.0,0.5819083706010133,-0.021216974084381945,0.02456775454993476
350,5.0,0.4,15.0,-21.0,1.018830914516002,-0.03385046079347376,0.03355685374845052
351,2.0,0.53,15.0,-21.0,0.9032220290973783,-0.02997251554916147,0.028146658412879333
352,12.0,0.6,15.0,-21.0,0.9270648881793022,-0.03239999739162158,0.026503444663831033
353,-8.0,0.44,15.0,-21.0,0.8609107416123152,-0.03166657187102828,0.02355595944391098
354,4.0,0.6,15.0,-21.0,0.9792029075324535,-0.03628517944889609,0.030245150526752695
355,4.0,0.79,15.0,-21.0,0.9121305244043469,-0.02868269228201825,0.029776630639389623
356,6.0,0.7,15.0,-21.0,0.9124154285527766,-0.029453854804160073,0.029925109309260733
357,-8.0,0.66,15.0,-21.0,1.11022785352543,-0.031913502782117575,0.045072741522744764
358,-1.0,0.71,15.0,-21.0,0.5397032962646335,-0.013807661962346174,0.030456479853455676
359,10.0,0.66,15.0,-21.0,0.9892404917627573,-0.03502708156884182,0.03034706651669694
360,-7.0,0.64,15.0,-21.0,0.9013254903256893,-0.030968018778366968,0.03442992933560163
361,-14.0,0.45,15.0,-21.0,0.5683207986876369,-0.020027396712976042,0.039258236523892265
362,-7.0,0.5,15.0,-21.0,0.7632594569586217,-0.027967800953774713,0.02706532054435229
363,-1.0,0.51,15.0,-21.0,0.6175053587649018,-0.0233410305227153,0.021240070400381228
364,-7.0,0.39,15.0,-21.0,0.7085316297598183,-0.022322028620692436,0.030755035615584347
365,12.0,0.52,15.0,-21.0,1.0817970833741128,-0.03716485798213398,0.048197248310316354
366,5.0,0.67,15.0,-21.0,0.8216003798879683,-0.028062173856596928,0.02628996599378297
367,-12.0,0.61,15.0,-21.0,0.8919305047020316,-0.02773077678284608,0.032418038172181696
368,4.0,0.51,15.0,-21.0,0.7569583356380463,-0.025492290616966784,0.026592818270728458
369,12.0,0.71,15.0,-21.0,0.6031719399616122,-0.024513160780770704,0.021977980115480023
370,10.0,0.85,15.0,-21.0,0.8121639960445464,-0.027022702866815962,0.03213742221123539
371,11.0,0.85,15.0,-21.0,0.5585788451135159,-0.015827884613827337,0.022438204465288436
372,9.0,0.81,15.0,-21.0,0.5763106481172144,-0.019917502875614446,0.01890693563473178
373,-6.0,0.62,15.0,-21.0,0.9687315691262484,-0.02892295921628829,0.043111782426421996
374,-4.0,0.62,15.0,-21.0,0.8381830221042037,-0.025514889995974954,0.030438565139775164
375,6.0,0.65,15.0,-21.0,0.8730299496091902,-0.028143608127720654,0.027196278784686
376,14.0,0.83,15.0,-21.0,0.7825154853053391,-0.02532449366117362,0.028293418530665804
377,-1.0,0.89,15.0,-21.0,0.5903249778784811,-0.022478663006040733,0.026792554337589536
378,-5.0,0.87,15.0,-21.0,1.0592403220944107,-0.03323614574037492,0.029930980846984312
379,10.0,0.87,15.0,-21.0,0.7610131823457778,-0.028655094945861492,0.028831795490987133
380,-4.0,0.84,15.0,-21.0,0.7522136112675071,-0.02769870587508194,0.02486006230901694
381,10.0,1.06,15.0,-21.0,0.5934094483964145,-0.022087238103267737,0.023106956519768573
382,4.0,1.21,15.0,-21.0,0.806922139134258,-0.026409395024529658,0.030108171798929106
383,6.0,1.23,15.0,-21.0,0.9990417123772204,-0.03392668156448053,0.03489827230805531
384,-1.0,1.1,15.0,-21.0,0.8462587310932577,-0.026816863770363852,0.03213015865549096
385,-6.0,0.91,15.0,-21.0,0.8355087339878082,-0.025127361390332226,0.02429375596693717
386,-1.0,1.01,15.0,-21.0,1.003913666587323,-0.030819316118140705,0.03251846150669735
387,-1.0,0.98,15.0,-21.0,0.6706166111398488,-0.021501984549104236,0.025326013594167307
388,9.0,1.04,15.0,-21.0,0.6515327971428633,-0.02224494522670284,0.01935342504293658
389,-9.0,0.88,15.0,-21.0,0.6588905181270093,-0.019272007637482602,0.025900662585627288
390,1.0,0.77,15.0,-21.0,0.8820462371222675,-0.0324091653819778,0.025902317102008965
391,6.0,0.94,15.0,-21.0,1.0738815469667315,-0.035699548257980496,0.030936087190639228
392,1.0,1.07,15.0,-21.0,0.9474524641409516,-0.032252456847345456,0.0300600533009856
393,5.0,1.03,15.0,-21.0,0.7709710826165974,-0.027888849159353413,0.03107206036656862
394,2.0,1.07,15.0,-21.0,1.0871338690631092,-0.03593074866512325,0.03285206154396292
395,13.0,1.21,15.0,-21.0,0.794835542794317,-0.026764492322399747,0.027134416020999197
396,12.0,1.34,15.0,-21.0,0.7620801362209022,-0.02489598744432442,0.026936702939565293
397,12.0,1.52,15.0,-21.0,0.9260743805207312,-0.031655941013013944,0.030025999003555626
398,8.0,1.61,15.0,-21.0,1.084084720350802,-0.03551461989991367,0.0376369975565467
399,2.0,1.6,15.0,-21.0,0.6382698928937316,-0.021492528831004165,0.02858476241090102
400,5.0,1.7,15.0,-21.0,0.7875941493548453,-0.025398685611435212,0.030732112725672778
401,11.0,1.96,15.0,-21.0,1.0643910057842731,-0.035395831560890656,0.027188196101633366
402,-10.0,1.81,15.0,-21.0,0.8707450749352574,-0.029645503862411715,0.025750174987479113
403,-19.0,1.56,15.0,-21.0,0.8094838974066079,-0.026486014685360715,0.0226717854711751
404,8.0,1.74,15.0,-21.0,0.7069296943955123,-0.026091131614521146,0.02622978917497676
405,4.0,1.66,15.0,-21.0,0.6696423068642616,-0.023034813144477084,0.026590685636620037
406,13.0,1.75,15.0,-21.0,0.8530707261525095,-0.028942604665644467,0.030260983774496708
407,10.0,1.77,15.0,-21.0,0.9422998996451497,-0.02957926061935723,0.029342857138544787
408,11.0,1.99,15.0,-21.0,0.9880230906419456,-0.03247798223310383,0.027299628098262474
409,12.0,2.12,15.0,-21.0,0.817502164747566,-0.025429543988138903,0.025259291287511587
410,-2.0,2.13,15.0,-21.0,1.1213522530160844,-0.03687626775354147,0.03811479594151024
411,-5.0,2.13,15.0,-21.0,0.7124702706933022,-0.02445022971369326,0.025620823238568846
412,4.0,2.18,15.0,-21.0,1.0372572261840105,-0.026161254878388718,0.03985793063475285
413,1.0,2.27,15.0,-21.0,0.7558087622746825,-0.02725854802702088,0.025672619907709304
414,8.0,2.28,15.0,-21.0,0.8384717390872538,-0.0265565521112876,0.0194566610007314
415,4.0,2.22,15.0,-21.0,1.0016772858798504,-0.03569498335127719,0.027063715358963236
416,-6.0,2.19,15.0,-21.0,0.7883283109404147,-0.023635918252693955,0.024347633465367835
417,11.0,2.31,15.0,-21.0,0.8265048796311021,-0.026848615052585956,0.022942181640246417
418,14.0,2.46,15.0,-21.0,1.0440558684058487,-0.03356034107855521,0.022348830028931843
419,3.0,2.43,15.0,-21.0,0.7339468805585057,-0.023803429256076925,0.02498858913895674
420,1.0,2.47,15.0,-21.0,0.9400951727293432,-0.030113135420833714,0.026470456359675154
421,-3.0,2.52,15.0,-21.0,1.0050610494799912,-0.03302031055500265,0.026251876013702713
422,2.0,2.41,15.0,-21.0,0.9226564709097147,-0.031045791154610924,0.021758718161436263
423,7.0,2.57,15.0,-21.0,0.5942612618673593,-0.017085846076952294,0.02580668772861827
424,3.0,2.52,15.0,-21.0,0.8531680521555245,-0.027529545419383794,0.02568444984353846
425,7.0,2.6,15.0,-21.0,0.6038814741186798,-0.023363561937003396,0.03130938617687207
426,-8.0,2.64,15.0,-21.0,0.73537059687078,-0.024965866963611916,0.021600072006549453
427,12.0,2.69,15.0,-21.0,0.8550127842463553,-0.030611839378252625,0.023540117625088897
428,9.0,2.97,15.0,-21.0,0.8694738568738103,-0.0293873202172108,0.0297905632542097
429,-11.0,2.84,15.0,-21.0,0.8064262983389199,-0.02899662044364959,0.01940817573631648
430,-5.0,2.84,15.0,-21.0,0.9333121799863875,-0.02975966437952593,0.02592857183481101
431,8.0,2.82,15.0,-21.0,0.5077539822086692,-0.01823311107000336,0.030423401629377622
432,-6.0,2.79,15.0,-21.0,0.6460782161448151,-0.0228154896030901,0.026615247999870917
433,6.0,2.83,15.0,-21.0,1.2341648861765862,-0.038820578913146164,0.03740672316780547
434,-7.0,2.67,15.0,-21.0,0.7044242399279028,-0.025490747106232448,0.022394068404537393
435,9.0,2.7,15.0,-21.0,0.9188048136420548,-0.031092235614778474,0.022737223196600098
436,-10.0,2.63,15.0,-21.0,0.6276922842953354,-0.020476623823924456,0.019217168246541405
437,10.0,2.64,15.0,-21.0,0.9401745325885713,-0.029985678644152358,0.026841700193472207
438,7.0,2.73,15.0,-21.0,0.6616846616379917,-0.02458947776176501,0.02156974424724467
439,3.0,2.77,15.0,-21.0,0.7025246084667742,-0.022952240891754627,0.02403909976419527
440,11.0,2.8,15.0,-21.0,0.6694840933196247,-0.024418466302449815,0.0220018930885999
441,5.0,2.74,15.0,-21.0,1.0525972563773394,-0.03396514875930734,0.028936917471583
442,-2.0,2.73,15.0,-21.0,0.8087133998051286,-0.026795893092639744,0.027501935146574397
443,7.0,2.72,15.0,-21.0,0.7976499521173537,-0.025937113714462612,0.023771601328917313
444,-12.0,2.68,15.0,-21.0,0.653435024432838,-0.023086895438609645,0.02902681966952514
445,14.0,2.86,15.0,-21.0,0.7273163981735706,-0.024034103662415873,0.019850889148074202
446,10.0,2.9,15.0,-21.0,0.7910725856199861,-0.027967641755822115,0.022726095921825618
447,9.0,2.96,15.0,-21.0,0.8107235161587596,-0.029159780795453116,0.025530668659484945
448,-9.0,2.81,15.0,-21.0,0.6165660296101123,-0.021762193107861094,0.0219604965968756
449,13.0,2.81,15.0,-21.0,0.7172156553715467,-0.022542543287272565,0.01774651186860865
450,3.0,2.79,15.0,-21.0,0.6736618357244879,-0.021575878003204707,0.018760054303129436
451,-1.0,2.76,15.0,-21.0,0.7068675407208502,-0.024025946768233553,0.02087034346186556
452,-14.0,2.5,15.0,-21.0,0.7459512855857611,-0.025455306516960263,0.02340101421214058
453,7.0,2.65,15.0,-21.0,0.6611803462728858,-0.024173632911697496,0.015910100293694995
454,10.0,2.71,15.0,-21.0,1.0821397895924747,-0.03225958136317786,0.040628470458614174
455,4.0,2.71,15.0,-21.0,0.9928149445913732,-0.03287791660113726,0.03335668356885435
456,-4.0,2.61,15.0,-21.0,0.5813909037970006,-0.021635498487739824,0.020910123861540342
457,-1.0,2.68,15.0,-21.0,0.7785498644225299,-0.02265449904371053,0.022943498930544592
458,1.0,2.7,15.0,-21.0,1.152873270213604,-0.03762998692400288,0.03738558881741483
459,15.0,2.75,15.0,-21.0,0.6455969435628504,-0.023401306447340176,0.023997834185138345
460,-5.0,2.77,15.0,-21.0,0.567589059472084,-0.02033435457997257,0.02225253463257104
461,13.0,3.04,15.0,-21.0,0.5616888673976064,-0.020577133145707194,0.02001060251495801
462,-4.0,3.07,15.0,-21.0,0.9770031650550663,-0.03453223861288279,0.025564951909473166
463,-5.0,3.03,15.0,-21.0,0.6843379836063832,-0.02370227305800654,0.0289041835203534
464,3.0,3.13,15.0,-21.0,1.1244708094745874,-0.0386407537444029,0.029971097988891415
465,-4.0,2.97,15.0,-21.0,0.6980189185123891,-0.025822949792200234,0.02977774436294567
466,1.0,2.93,15.0,-21.0,0.9822304719127715,-0.031685857160482556,0.02434032131714048
467,-10.0,2.95,15.0,-21.0,0.5215755035169423,-0.01798222493380308,0.02533848387975013
468,6.0,2.97,15.0,-21.0,0.7765041086822748,-0.027390852352255024,0.022291628705715993
469,5.0,2.9,15.0,-21.0,1.3042248990386724,-0.031506921630352736,0.07261118952010293
470,-11.0,2.69,15.0,-21.0,1.1997168846428394,-0.03420978908252437,0.06221994730003644
471,13.0,2.71,15.0,-21.0,1.2642405983060598,-0.037891995496465825,0.05124653589155059
472,-9.0,2.53,15.0,-21.0,0.6255054043140262,-0.022548900182300713,0.029151343820558395
473,8.0,2.67,15.0,-21.0,0.9975139806047082,-0.03186973951233085,0.022168747571413405
474,-13.0,2.58,15.0,-21.0,0.9722071560099721,-0.033009673199558165,0.02498556154750986
475,10.0,2.62,15.0,-21.0,0.67539416346699,-0.024332860150025226,0.023745658101688605
476,-6.0,2.42,15.0,-21.0,0.5831139336805791,-0.02386339228542056,0.026189272066403646
477,12.0,2.55,15.0,-21.0,1.0229067928157747,-0.03319691104115918,0.030609821624238975
478,9.0,2.69,15.0,-21.0,0.6456922413781285,-0.026812001029611565,0.027898355048819212
479,10.0,2.69,15.0,-21.0,1.0888278377242386,-0.03474307047872571,0.04027727316861274
480,9.0,2.82,15.0,-21.0,0.9667630163021386,-0.02844297752744751,0.037102912756381556
481,8.0,2.8,15.0,-21.0,0.764628523029387,-0.026102890289621428,0.029132248513633385
482,-3.0,2.73,15.0,-21.0,0.6271400679834187,-0.020823686179937795,0.025103611253143754
483,8.0,2.75,15.0,-21.0,0.6401336293201894,-0.022256809781538323,0.02341207909194054
484,-1.0,2.75,15.0,-21.0,0.6872728117741644,-0.025317358915344812,0.022817262244643643
485,12.0,2.93,15.0,-21.0,0.9310513776727021,-0.0336022486735601,0.027547183519345708
486,7.0,3.01,15.0,-21.0,0.5637353959027678,-0.021622575870424043,0.023182907709269784
487,8.0,3.1,15.0,-21.0,1.0046709445305169,-0.034293907541723456,0.030252772601670586
488,-11.0,2.9,15.0,-21.0,0.6360370486509055,-0.022100326605141163,0.027983799045614433
489,13.0,3.12,15.0,-21.0,0.7782496940344572,-0.02627158470568247,0.025453209775150754
490,-1.0,3.1,15.0,-21.0,0.9244863740168512,-0.032170564445550554,0.028804617420973955
491,14.0,3.18,15.0,-21.0,0.5252249233890325,-0.01796206706785597,0.049851009804115165
492,15.0,3.32,15.0,-21.0,1.3604247057810426,-0.03510816366178915,0.06467747093120124
493,1.0,3.28,15.0,-21.0,0.5201161245349795,-0.01941035366326105,0.039276712748687714
494,14.0,3.4,15.0,-21.0,1.0692519024014473,-0.03592482961539645,0.04038198251510039
495,14.0,3.41,15.0,-21.0,0.6178486458957195,-0.02181862687575631,0.024810024729958968
496,12.0,3.41,15.0,-21.0,0.5151651883497834,-0.015651257839635946,0.026956858797348104
497,1.0,3.3,15.0,-21.0,0.8310991046018898,-0.028356448659906164,0.034626138098246884
498,13.0,3.35,15.0,-21.0,0.940650949254632,-0.03245365939801559,0.029580266695120372
499,10.0,3.43,15.0,-21.0,1.218642300926149,-0.031013909974717535,0.06152099871542305
500,-6.0,3.32,15.0,-21.0,0.6632839725352824,-0.022233039097045548,0.02871698804665357
501,-8.0,3.13,15.0,-21.0,0.6385209551081061,-0.022183108012541197,0.026915255111816805
502,5.0,3.28,15.0,-21.0,1.243488290347159,-0.0379663648782298,0.048488934407942
503,15.0,3.62,15.0,-21.0,0.7248507728800178,-0.022435703460359946,0.03528333979920717
504,16.0,3.7,16.0,-21.0,0.9696840820834041,-0.028566492946993094,0.04056371669867076
505,1.0,3.67,16.0,-21.0,0.8214143328368664,-0.02591782823583344,0.03485220052971272
506,17.0,3.71,17.0,-21.0,0.6714077810756862,-0.024852844158886,0.026781453769217478
507,16.0,3.77,17.0,-21.0,0.7646449813619256,-0.025967986512114294,0.023014957641862566
508,1.0,3.67,17.0,-21.0,0.7705725198611617,-0.026975109474733472,0.03498174546984956
509,-5.0,3.5,17.0,-21.0,0.9433549013920128,-0.029711239774769638,0.03445488132274477
510,4.0,3.56,17.0,-21.0,0.8661180287599564,-0.029446233515045606,0.030512989549606573
511,2.0,3.63,17.0,-21.0,0.832247500307858,-0.03102798834152054,0.02800340704197879
512,15.0,3.74,17.0,-21.0,0.7124645421281457,-0.026416143584356178,0.03141940772184171
513,6.0,3.79,17.0,-21.0,0.5848845753353089,-0.01624197770433966,0.030276165107352426
514,9.0,3.8,17.0,-21.0,0.5311007660347968,-0.020382119626447093,0.030724532531166915
515,14.0,3.9,17.0,-21.0,0.6487357416190207,-0.0234032118023606,0.03156612336897524
516,13.0,4.09,17.0,-21.0,0.8513392978347838,-0.028116765271988697,0.028055020411557052
517,9.0,4.07,17.0,-21.0,1.2146853753365576,-0.039690782978141215,0.0382311604989809
518,-6.0,3.87,17.0,-21.0,0.6239474886097014,-0.0195814528997289,0.03794546768767759
519,-2.0,3.82,17.0,-21.0,1.0590717671439052,-0.034990329018910415,0.03531659635336837
520,1.0,3.82,17.0,-21.0,0.9902577335014939,-0.0312598732416518,0.040564054281276185
521,9.0,3.94,17.0,-21.0,1.008439122699201,-0.03180429045460187,0.03117488508360111
522,14.0,4.06,17.0,-21.0,0.9685554797761142,-0.030011205235496163,0.03627660833444679
523,9.0,4.08,17.0,-21.0,1.108590254560113,-0.03236421059409622,0.056586638718727045
524,9.0,4.14,17.0,-21.0,0.6523302933201194,-0.023825892007153016,0.026176868297625333
525,9.0,4.16,17.0,-21.0,0.6775150783360004,-0.022439896252762992,0.023715878764051013
526,-1.0,4.23,17.0,-21.0,0.6412813665810972,-0.02093323958979454,0.018831003857485484
527,12.0,4.23,17.0,-21.0,0.7833484159782529,-0.027432594280980993,0.02580535295419395
528,13.0,4.27,17.0,-21.0,0.8589802533388138,-0.029861117822292726,0.026695789965742733
529,-13.0,4.25,17.0,-21.0,0.6010258053429425,-0.01853010690319934,0.028201156957948115
530,7.0,4.37,17.0,-21.0,0.7150895711965859,-0.02453444585262332,0.024174496742489282
531,-8.0,4.21,17.0,-21.0,0.5758646929170936,-0.018676360508834478,0.02660407219082117
532,10.0,4.37,17.0,-21.0,0.8931348281912506,-0.028815364123147447,0.02808572933281539
533,16.0,4.47,17.0,-21.0,0.7413869723677635,-0.02573881088756025,0.021427643747301772
534,6.0,4.6,17.0,-21.0,0.9568411069922149,-0.03321008929924574,0.03885335060476791
535,-6.0,4.45,17.0,-21.0,0.6615945561788976,-0.024577584306825884,0.02129017421248136
536,-1.0,4.54,17.0,-21.0,0.7709149732254446,-0.027646860893582925,0.026414631312945858
537,8.0,4.52,17.0,-21.0,0.8020947901532054,-0.028520226318505593,0.026512730692047626
538,4.0,4.49,17.0,-21.0,1.0420258454978466,-0.03541577649593819,0.03522636420530034
539,5.0,4.51,17.0,-21.0,1.1742220921441913,-0.03596092828956898,0.05854003947752062
540,11.0,4.51,17.0,-21.0,1.0010141567327082,-0.03350485440751072,0.035173274474800564
541,1.0,4.47,17.0,-21.0,0.5278413994237781,-0.015956394199747592,0.023540458834759193
542,6.0,4.55,17.0,-21.0,0.7194968280382454,-0.02654595469357446,0.024919211871747393
543,7.0,4.55,17.0,-21.0,0.6172767709940672,-0.01775998790981248,0.029777552757877856
544,-1.0,4.66,17.0,-21.0,0.6542825782671571,-0.02543482548207976,0.02285856093658367
545,17.0,4.69,17.0,-21.0,1.1094212890602648,-0.03739614757068921,0.03391533256217372
546,9.0,4.68,17.0,-21.0,0.7306501609273255,-0.024386458018852863,0.02106726836063899
547,-12.0,4.47,17.0,-21.0,0.4714673678390682,-0.018712391924054828,0.03436329979740549
548,-13.0,4.43,17.0,-21.0,0.7013020867016166,-0.026138284752960317,0.025359820960147772
549,2.0,4.32,17.0,-21.0,0.614170465618372,-0.021911807256401516,0.02095583887057728
550,-1.0,4.28,17.0,-21.0,0.8146625645458698,-0.024806242210615892,0.02404573444800917
551,12.0,4.41,17.0,-21.0,1.2188906213268638,-0.034089098779077176,0.06596615175658371
552,11.0,4.66,17.0,-21.0,0.8039622618816793,-0.027645770416711457,0.031110268413613085
553,9.0,4.68,17.0,-21.0,1.2394134625792503,-0.03463090016884962,0.04792359040584415
554,13.0,4.71,17.0,-21.0,0.9803301715292037,-0.032397823364590295,0.03180236927437363
555,11.0,4.78,17.0,-21.0,0.7168743368238211,-0.024681085371412337,0.027000330395821948
556,15.0,4.97,17.0,-21.0,0.79547716723755,-0.025592405203497037,0.027646842267131433
557,13.0,5.11,17.0,-21.0,0.9344969619996846,-0.02756200070871273,0.03490920175681822
558,6.0,5.16,17.0,-21.0,0.583797300234437,-0.0223241603889619,0.039169643983768765
559,8.0,5.09,17.0,-21.0,0.4887138050980866,-0.02009926686878316,0.031717469202703796
560,6.0,5.2,17.0,-21.0,1.1973686078563333,-0.0357112530618906,0.04581239099934464
561,8.0,5.15,17.0,-21.0,0.4776683528907597,-0.017287432863668073,0.02540314377620234
562,11.0,5.3,17.0,-21.0,0.7454604390077293,-0.027714171781553887,0.029579332323919516
563,16.0,5.51,17.0,-21.0,1.0116410553455353,-0.035719724939554,0.035576152222347446
564,8.0,5.56,17.0,-21.0,0.8441284256987274,-0.028289928726735525,0.03185225456400076
565,-8.0,5.52,17.0,-21.0,0.8365240450948477,-0.027943011838942766,0.0336373830868979
566,11.0,5.62,17.0,-21.0,0.5771045589353889,-0.022306785933324136,0.026875461564486613
567,11.0,5.83,17.0,-21.0,0.8368295906111598,-0.02842662778130034,0.02559052138531115
568,-7.0,5.7,17.0,-21.0,0.8005688232369721,-0.028145464675617404,0.02840523191844113
569,14.0,5.79,17.0,-21.0,0.8647310971282423,-0.030755909087019973,0.028389631457685027
570,13.0,6.03,17.0,-21.0,0.7037666812539101,-0.023668396395805757,0.021755367302830564
571,-8.0,5.82,17.0,-21.0,1.0720170913264155,-0.03388060102588497,0.026408105273731053
572,2.0,5.93,17.0,-21.0,0.6495268424041569,-0.02263331864378415,0.0218324250781734
573,12.0,5.97,17.0,-21.0,0.698390225879848,-0.02335641419631429,0.024664812754053855
574,-13.0,5.97,17.0,-21.0,0.6967405872419477,-0.02540014414989855,0.02380614496723865
575,13.0,6.0,17.0,-21.0,0.48974756500683725,-0.022557214106200263,0.03432497004541801
576,5.0,6.11,17.0,-21.0,1.067386044189334,-0.0348234720659093,0.04098580967547605
577,8.0,6.07,17.0,-21.0,1.0494953012093902,-0.02928761750808917,0.029178920500271488
578,15.0,6.13,17.0,-21.0,0.6871742764487863,-0.024073623957519885,0.034615782205946743
579,9.0,6.12,17.0,-21.0,1.1983269229531288,-0.036333426854980644,0.0532310095441062
580,6.0,6.09,17.0,-21.0,1.1032545524649322,-0.03606638922065031,0.04445807688171044
581,14.0,6.15,17.0,-21.0,0.7707403893582523,-0.029691170318983495,0.03202808409696445
582,10.0,6.28,17.0,-21.0,0.7181175104342401,-0.025947190151782706,0.029514593763451558
583,11.0,6.31,17.0,-21.0,0.49965049396269023,-0.01904896087216912,0.02559227329766145
584,-4.0,6.28,17.0,-21.0,0.9184081121347845,-0.02815856208326295,0.03829538050922565
585,2.0,6.18,17.0,-21.0,0.5961384160909802,-0.023315314792853314,0.028165340751002077
586,10.0,6.21,17.0,-21.0,1.019119095057249,-0.0358455388341099,0.033642988542851526
587,17.0,6.3,17.0,-21.0,0.7293953560292721,-0.024311142304213718,0.027247190337220673
588,9.0,6.5,17.0,-21.0,0.5374847713392228,-0.022076570501667447,0.027129121343023144
589,18.0,6.55,18.0,-21.0,0.6580060007981956,-0.024785454967059195,0.02224120605387725
590,13.0,6.69,18.0,-21.0,0.7711225170642138,-0.02813181997044012,0.03065637277177302
591,11.0,6.66,18.0,-21.0,0.6209648721851408,-0.022909202591108624,0.024507712423655903
592,3.0,6.54,18.0,-21.0,0.4290167153812945,-0.01672678184695542,0.02124065675525344
593,18.0,6.71,18.0,-21.0,0.8508583912625909,-0.02966401947196573,0.0378116167630651
594,-10.0,6.47,18.0,-21.0,0.6351288978476077,-0.02098535603727214,0.028911917470395565
595,-1.0,6.32,18.0,-21.0,0.7968856571242213,-0.02736049053055467,0.02480737648511422
596,4.0,6.24,18.0,-21.0,0.5631454677786678,-0.020378988454467617,0.02608248663455015
597,14.0,6.37,18.0,-21.0,0.574471102328971,-0.02087737993861083,0.02130444042632007
598,2.0,6.26,18.0,-21.0,0.7597974492236972,-0.02565113162563648,0.025314374681329355
599,-18.0,5.98,18.0,-21.0,0.6011990583501756,-0.01952820512087783,0.026818749654921703
600,-21.0,5.83,18.0,-21.0,1.1005947887897491,-0.03574641633895226,0.03694491508213105
601,12.0,6.03,18.0,-21.0,1.0744414813816547,-0.03575031942455098,0.0333121848598239
602,1.0,5.99,18.0,-21.0,1.0827905726619065,-0.0366210134816356,0.0367326645864523
603,12.0,5.96,18.0,-21.0,0.871242648921907,-0.02854219329310581,0.030685977762914263
604,12.0,5.92,18.0,-21.0,0.6425506747327745,-0.022506636851176154,0.026013900016550906
605,15.0,6.06,18.0,-21.0,0.6315840068273246,-0.023716188632533886,0.019337912948685698
606,1.0,5.9,18.0,-21.0,0.8782121906988323,-0.026183062989730388,0.031085134207387455
607,-3.0,5.71,18.0,-21.0,0.5509291719645262,-0.019847475792630576,0.025770305102923885
608,14.0,5.84,18.0,-21.0,0.5858672054018825,-0.02253858211406623,0.02453346925904043
609,18.0,6.07,18.0,-21.0,0.5819219674449414,-0.017111050197854638,0.02429321805902873
610,13.0,6.16,18.0,-21.0,0.7785343457944691,-0.025311958583188243,0.034248658805154264
611,2.0,6.16,18.0,-21.0,0.6502380301244557,-0.020619539049221203,0.02435432467609644
612,5.0,6.06,18.0,-21.0,0.9579133046790957,-0.029573591862572357,0.0329774501369684
613,14.0,6.14,18.0,-21.0,0.7962333792820573,-0.021593733537883963,0.0252577263963758
614,4.0,6.09,18.0,-21.0,0.5671028520446271,-0.018120197993994225,0.030417419344303198
615,11.0,6.06,18.0,-21.0,0.6326409673783928,-0.02118625396542484,0.02733017819991801
616,9.0,6.02,18.0,-21.0,0.7694765594787896,-0.02686989208450541,0.024137354012054857
617,-20.0,5.73,18.0,-21.0,1.0573373632505536,-0.032570902039879,0.04886728629935533
618,8.0,5.87,18.0,-21.0,0.7296977965161204,-0.026597727803164162,0.025250090071494924
619,10.0,5.99,18.0,-21.0,0.8702708971686661,-0.028816183825256303,0.03200575772643788
620,13.0,6.11,18.0,-21.0,0.9516153335571289,-0.03354486740863649,0.035535323280782904
621,12.0,6.14,18.0,-21.0,0.8122281515970826,-0.026958684582496062,0.03247876745444955
622,7.0,6.07,18.0,-21.0,1.067862628493458,-0.04002225807198556,0.03992262176325312
623,14.0,6.12,18.0,-21.0,0.7122435951605439,-0.020227920322213322,0.02113482042477699
624,14.0,6.17,18.0,-21.0,0.9325810209847987,-0.03139053619815968,0.028001096012303606
625,10.0,6.18,18.0,-21.0,0.6336993281729519,-0.02242053605732508,0.02692511892382754
626,10.0,6.29,18.0,-21.0,0.9947143909521401,-0.03266409695788752,0.03134380179835716
627,12.0,6.29,18.0,-21.0,1.0757088772952557,-0.0343524035270093,0.046562572722905315
628,17.0,6.33,18.0,-21.0,0.6029613935388625,-0.023787702681147493,0.030277897560154088
629,9.0,6.55,18.0,-21.0,0.5898811561055481,-0.020656912121921778,0.028969981565751368
630,11.0,6.59,18.0,-21.0,0.7489231266081333,-0.02747611048107501,0.03041020750970347
631,12.0,6.79,18.0,-21.0,0.641230198321864,-0.024048344828770496,0.025089347363973502
632,2.0,6.71,18.0,-21.0,0.7613527532666922,-0.026036864801426418,0.025996755975938868
633,10.0,6.65,18.0,-21.0,0.9009900637902319,-0.032225691044004634,0.03053880057996139
634,14.0,6.73,18.0,-21.0,0.6974706966429949,-0.02416827666456811,0.031686067253758665
635,10.0,6.89,18.0,-21.0,0.7005657234694809,-0.02061984127794858,0.022145370774524054
636,10.0,7.0,18.0,-21.0,0.4945888842921704,-0.016046509772422723,0.020860516069660662
637,10.0,7.02,18.0,-21.0,0.6770803953986615,-0.0213305770594161,0.03012849489459768
638,-17.0,6.81,18.0,-21.0,0.9029864217154682,-0.030689929786603898,0.03090318250178825
639,-20.0,6.56,18.0,-21.0,0.5854262206703424,-0.023594529120600782,0.030133661239233334
640,9.0,6.54,18.0,-21.0,1.0963040576316416,-0.03228412079624832,0.04234623076627031
641,12.0,6.65,18.0,-21.0,0.672608497319743,-0.02193426905432716,0.031711298928712495
642,-1.0,6.58,18.0,-21.0,1.058708201162517,-0.03652412202791311,0.04195345456537325
643,14.0,6.65,18.0,-21.0,0.7450174456462264,-0.022268289612839,0.022360713399393717
644,8.0,6.74,18.0,-21.0,0.8151600314304233,-0.024732952188060153,0.030717162793735042
645,11.0,6.68,18.0,-21.0,0.7214228301309049,-0.0265060246019857,0.02823458558123093
646,8.0,6.67,18.0,-21.0,0.6178828906267881,-0.020381358088343404,0.021474727742315736
647,-4.0,6.75,18.0,-21.0,0.775316150393337,-0.025081905645492952,0.025206325968611054
648,16.0,7.04,18.0,-21.0,1.0554783483967185,-0.031258490911568515,0.04020610590669094
649,16.0,7.18,18.0,-21.0,0.8044323129579425,-0.025394444797711913,0.027460245029942598
650,14.0,7.33,18.0,-21.0,1.0034385491162539,-0.03247528248175513,0.03319765620108228
651,13.0,7.34,18.0,-21.0,0.8207466253079474,-0.028009108777041547,0.030637595540611073
652,8.0,7.31,18.0,-21.0,0.7679955773055553,-0.026036026574729476,0.024260573285573628
653,8.0,7.3,18.0,-21.0,0.6125565965194255,-0.02232233470567735,0.0178150712090428
654,16.0,7.33,18.0,-21.0,1.1222297251224518,-0.035934406449086964,0.042752805435156915
655,11.0,7.33,18.0,-21.0,0.8498520590364933,-0.026501682739763055,0.03107534057198791
656,12.0,7.3,18.0,-21.0,0.9261653772555292,-0.03183517706929706,0.026115093660337152
657,7.0,7.24,18.0,-21.0,0.5357093093916774,-0.021216471926891245,0.02945372081376263
658,8.0,7.26,18.0,-21.0,0.7151073389686644,-0.02751283643010538,0.024208958569943206
659,1.0,7.19,18.0,-21.0,0.6022836046759039,-0.022383730531146284,0.02672324074228527
660,16.0,7.29,18.0,-21.0,0.8330158451572061,-0.031163071864284575,0.03502729801402893
661,7.0,7.28,18.0,-21.0,0.7348487377166748,-0.026013399503426626,0.02751617539615836
662,18.0,7.35,18.0,-21.0,1.1423755716532469,-0.03471553689450957,0.046614115075499285
663,16.0,7.35,18.0,-21.0,0.6010842768009752,-0.020306775491917506,0.024112185128615238
664,1.0,7.28,18.0,-21.0,0.7794550810940564,-0.027146290201926604,0.02785122661589412
665,17.0,7.53,18.0,-21.0,1.0637364168651402,-0.033556089430931024,0.041676200737128966
666,13.0,7.55,18.0,-21.0,0.7895075241103768,-0.027451669768197462,0.031595766136888415
667,-21.0,7.23,18.0,-21.0,0.6241982604842633,-0.021101045538671315,0.020207139885314973
668,5.0,7.35,18.0,-21.0,0.714090209454298,-0.025850950041785836,0.024106762517476454
669,10.0,7.31,18.0,-21.0,0.6124281156808138,-0.02133654654608108,0.02234755542303901
670,9.0,7.27,18.0,-21.0,0.9570798836648464,-0.03263996813620906,0.032415236986707896
671,15.0,7.5,18.0,-21.0,0.8350422289222479,-0.030384622397832572,0.025041142755071633
672,2.0,7.5,18.0,-21.0,0.8023684048093855,-0.02750995363749098,0.032459934351209085
673,10.0,7.48,18.0,-21.0,0.8634652844630182,-0.02837018015270587,0.02398277077736566
674,-1.0,7.6,18.0,-21.0,0.8947006962262094,-0.03182453148474451,0.03276043218647828
675,9.0,7.56,18.0,-21.0,0.644086774205789,-0.02142027857917128,0.022964969532040413
676,-18.0,7.33,18.0,-21.0,0.9665498044341803,-0.03230552464083303,0.03178566915448755
677,14.0,7.39,18.0,-21.0,0.8135859807953238,-0.028861379469162785,0.025598157175409142
678,12.0,7.36,18.0,-21.0,0.5262799344491214,-0.02150863107817713,0.01797262835680158
679,11.0,7.38,18.0,-21.0,0.670182560570538,-0.023205280063848477,0.01911336957346066
680,9.0,7.41,18.0,-21.0,0.7782351183705032,-0.027864685616805218,0.021542498041526414
681,12.0,7.39,18.0,-21.0,0.575892539229244,-0.020739108382258564,0.02037977999134455
682,9.0,7.38,18.0,-21.0,0.7942388807423413,-0.026211179727397393,0.021628111018799245
683,16.0,7.43,18.0,-21.0,0.6075974465347826,-0.021771344749140553,0.02287451536540175
684,-1.0,7.46,18.0,-21.0,0.636820059735328,-0.022919057897524908,0.025265589720220305
685,5.0,7.49,18.0,-21.0,0.640206589596346,-0.02206011296948418,0.025145343162876088
686,16.0,7.55,18.0,-21.0,0.5649033805821091,-0.01713166240369901,0.02133796202542726
687,5.0,7.43,18.0,-21.0,1.1678925631567836,-0.03460381865443196,0.0606167637888575
688,13.0,7.47,18.0,-21.0,0.7496624612249434,-0.02596338563671452,0.022880976197484415
689,18.0,7.47,18.0,-21.0,0.5410057273693383,-0.019406341962167062,0.016330333310179412
690,13.0,7.47,18.0,-21.0,1.1368074812926352,-0.0331885835621506,0.04792292766069295
691,10.0,7.46,18.0,-21.0,0.7831172496080399,-0.026901123543211725,0.023437950694642495
692,9.0,7.52,18.0,-21.0,1.1409810930490494,-0.038846308532811236,0.04305518286128063
693,9.0,7.43,18.0,-21.0,0.487795184366405,-0.018878737675549928,0.02444050349367899
694,14.0,7.67,18.0,-21.0,0.5517959361895919,-0.02034983050543815,0.02251824702398153
695,16.0,7.84,18.0,-21.0,0.6749333026818931,-0.023112786817364395,0.014613763367378851
696,6.0,7.86,18.0,-21.0,0.6431446608621627,-0.022976948392170016,0.025665276822110172
697,11.0,7.83,18.0,-21.0,0.7892250381410122,-0.031731151313579176,0.031004911987110972
698,13.0,7.94,18.0,-21.0,0.6970861852169037,-0.02401574986288324,0.02353235485497862
699,16.0,8.28,18.0,-21.0,0.4576008948497474,-0.01775186477607349,0.027361359643691685
700,14.0,8.63,18.0,-21.0,0.7454082327894866,-0.025604285146982875,0.03195126706123119
701,13.0,8.64,18.0,-21.0,0.7198090821038932,-0.02502403489779681,0.02951666268927511
702,13.0,8.76,18.0,-21.0,0.6429810095578432,-0.022175755868374836,0.024603694160759915
703,19.0,8.83,19.0,-21.0,0.5644021704792976,-0.021192118132603355,0.024025888393225614
704,16.0,8.87,19.0,-21.0,0.6108465627767146,-0.017977289273403585,0.027810034262074623
705,12.0,8.84,19.0,-21.0,0.7317723045125604,-0.024576505886216182,0.028121725423261523
706,13.0,8.96,19.0,-21.0,0.5158390409778804,-0.018124961759895086,0.02006749777137884
707,9.0,9.08,19.0,-21.0,0.5750414479989558,-0.0188963334512664,0.01730281331037986
708,14.0,9.08,19.0,-21.0,0.7455431907437742,-0.02528019284363836,0.02609451716489275
709,12.0,9.02,19.0,-21.0,0.9927587509155273,-0.03215815970179392,0.03641979489475489
710,4.0,8.93,19.0,-21.0,0.7251174049451947,-0.023134667113481555,0.02432108946959488
711,4.0,8.95,19.0,-21.0,0.729116793256253,-0.02318415342597291,0.027116893928905483
712,13.0,9.03,19.0,-21.0,0.6425813955720514,-0.018422490742523223,0.02490879045581096
713,16.0,9.05,19.0,-21.0,0.8021901561878622,-0.026100251692696474,0.027769808075390756
714,10.0,9.11,19.0,-21.0,0.8502442492172122,-0.02873267140239477,0.027967056834313553
715,4.0,9.04,19.0,-21.0,0.9631277420558035,-0.02992714845458977,0.027803549884993117
716,3.0,8.98,19.0,-21.0,0.705112427007407,-0.027038901491323486,0.0218658169178525
717,7.0,9.25,19.0,-21.0,0.5541428306605667,-0.02029166097054258,0.025021991630637785
718,-8.0,9.09,19.0,-21.0,0.5788924328517169,-0.021830474892340135,0.021751976069936063
719,18.0,9.17,19.0,-21.0,0.5068416649010032,-0.0187125919474056,0.019762283922318602
720,13.0,9.17,19.0,-21.0,0.520548589527607,-0.014743225190613884,0.021331779567844933
721,1.0,9.06,19.0,-21.0,1.088940177578479,-0.036242446971300524,0.03629690563684562
722,12.0,9.11,19.0,-21.0,0.8340949197299778,-0.025656502271885984,0.03247349878802197
723,-1.0,8.96,19.0,-21.0,0.6905750636942685,-0.021591995668131858,0.02545052781351842
724,12.0,8.94,19.0,-21.0,0.7838558605872095,-0.026343516539782286,0.029219395051768515
725,13.0,8.97,19.0,-21.0,0.8650834048166871,-0.028785973001504317,0.026407161727547646
726,11.0,8.98,19.0,-21.0,0.6156362893525511,-0.01888327140477486,0.02459102931970847
727,1.0,8.87,19.0,-21.0,0.4849984182510525,-0.017975741357076913,0.02158868454716867
728,8.0,8.78,19.0,-21.0,0.46742631238885224,-0.018028789316304028,0.020686274801846594
729,18.0,8.87,19.0,-21.0,0.7183596277609468,-0.02490087774640415,0.024198548951972043
730,10.0,8.86,19.0,-21.0,0.6962016655597836,-0.024973741703433916,0.021315917707397602
731,-8.0,8.66,19.0,-21.0,0.9171295925043523,-0.02920781991269905,0.033692774559312966
732,18.0,8.82,19.0,-21.0,1.197410841472447,-0.0340275216876762,0.048572764251730405
733,-11.0,8.61,19.0,-21.0,0.8266892549581826,-0.026681429691961966,0.024875766452169046
734,14.0,8.61,19.0,-21.0,0.8069511358626187,-0.02461849471728783,0.02440786882652901
735,12.0,8.63,19.0,-21.0,0.7358429525047541,-0.021650202957971487,0.0234068536083214
736,14.0,8.67,19.0,-21.0,0.8877668674103916,-0.026912761852145195,0.031184228042548057
737,19.0,8.76,19.0,-21.0,0.8248146525584161,-0.028221946529811248,0.03067529419058701
738,10.0,9.03,19.0,-21.0,0.44686790299601853,-0.019680647426866926,0.02175949583761394
739,4.0,9.27,19.0,-21.0,0.8950437298044562,-0.02907103387406096,0.02894321706116898
740,11.0,9.29,19.0,-21.0,0.8845496694557369,-0.03216899841208942,0.024951194202003535
741,7.0,9.24,19.0,-21.0,1.093765962868929,-0.030615960800787434,0.0553585151428706
742,14.0,9.39,19.0,-21.0,0.7771663540042937,-0.027277481596684083,0.024189989315345883
743,20.0,9.45,20.0,-21.0,0.8635857081972063,-0.026315618422813714,0.03076570680423174
744,15.0,9.52,20.0,-21.0,0.48626386653631926,-0.016788887718576007,0.040521360555430874
745,16.0,9.57,20.0,-21.0,0.6108063110150397,-0.02096731643541716,0.024572365735366475
746,-3.0,9.46,20.0,-21.0,0.5998775367625058,-0.019168548649759032,0.017980401433305815
747,8.0,9.58,20.0,-21.0,0.6332717065233737,-0.021411305831861682,0.023022396013402613
748,14.0,9.56,20.0,-21.0,0.876472330186516,-0.03089299517159816,0.03008914229576476
749,1.0,9.41,20.0,-21.0,0.8495471710339189,-0.029139654950995464,0.02623925269654137
750,13.0,9.4,20.0,-21.0,0.808491587638855,-0.025653577875345945,0.02589549896219978
751,-1.0,9.26,20.0,-21.0,0.7642345889471471,-0.02463599522889126,0.024903069555875845
752,16.0,9.34,20.0,-21.0,0.9014893365092576,-0.02995010986342095,0.024149834738636855
753,18.0,9.44,20.0,-21.0,0.758095036726445,-0.02644172370492015,0.024512210173270432
754,17.0,9.45,20.0,-21.0,0.6417340934276581,-0.02091908581496682,0.020317105871072272
755,-10.0,9.24,20.0,-21.0,0.5895240760874003,-0.020514601608738303,0.017834800612035906
756,9.0,9.21,20.0,-21.0,0.6919418098405004,-0.02377165699726902,0.022393511062546168
757,14.0,9.28,20.0,-21.0,1.3081903997808695,-0.03743580980517436,0.05306274593749549
758,10.0,9.3,20.0,-21.0,1.0602817642502487,-0.03653657163522439,0.03628659774403786
759,11.0,9.4,20.0,-21.0,1.0061942809261382,-0.03406958855339326,0.02402245578559814
760,9.0,9.33,20.0,-21.0,0.7326926705427468,-0.024496123631251976,0.02353278041118756
761,12.0,9.38,20.0,-21.0,0.5456714283209294,-0.02232551020279061,0.02532370221160818
762,-20.0,9.0,20.0,-21.0,0.6046267009805888,-0.023324044785113074,0.02229331082344288
763,11.0,8.95,20.0,-21.0,0.7789872824214399,-0.02510518410417717,0.026468922002095496
764,16.0,9.1,20.0,-21.0,0.7104467866010964,-0.02594297524774447,0.020560537566780113
765,15.0,9.08,20.0,-21.0,0.5415091305039823,-0.018528659391449764,0.028111990810430143
766,1.0,8.96,20.0,-21.0,0.9778664628975093,-0.03411384328501299,0.039103181814425625
767,10.0,9.27,20.0,-21.0,0.6970900495070964,-0.021958712095511146,0.022780206534662284
768,16.0,9.38,20.0,-21.0,0.9259505541995168,-0.03088626118551474,0.022462809763965197
769,15.0,9.43,20.0,-21.0,0.8400706532411277,-0.028191979479743168,0.023695870433584787
770,9.0,9.43,20.0,-21.0,0.9489596080966294,-0.03213365140254609,0.028009395020490047
771,7.0,9.35,20.0,-21.0,0.8853813051246107,-0.02867238951876061,0.0277265508484561
772,-3.0,9.3,20.0,-21.0,0.715179106220603,-0.02397363682393916,0.02568375058035599
773,17.0,9.37,20.0,-21.0,0.8877058657817543,-0.029863413932616822,0.033475795324193314
774,18.0,9.56,20.0,-21.0,0.6113082091324031,-0.022355383975082077,0.017668584223429207
775,-19.0,9.28,20.0,-21.0,0.6553297811187804,-0.02234110915742349,0.023808057459973497
776,2.0,9.48,20.0,-21.0,1.3042964050546288,-0.03805051714152796,0.049359647688106634
777,4.0,9.38,20.0,-21.0,1.1517255576327443,-0.03677407673239941,0.030029606372409035
778,10.0,9.36,20.0,-21.0,0.7191371242515743,-0.024991476835566573,0.024551763075578492
779,9.0,9.34,20.0,-21.0,0.8992076087743044,-0.027117576173623092,0.024443860074825352
780,7.0,9.32,20.0,-21.0,0.8093665945343673,-0.028007565611915197,0.025097225396166323
781,4.0,9.24,20.0,-21.0,0.9085364369675517,-0.028609861954464577,0.020759351988090202
782,13.0,9.28,20.0,-21.0,1.0969037194736302,-0.03462820283311885,0.025290417557698674
783,9.0,9.21,20.0,-21.0,0.9047081493772566,-0.028120810035034083,0.032413338718470186
784,1.0,9.23,20.0,-21.0,0.5864164582453668,-0.02312688455276657,0.024879602446162608
785,15.0,9.33,20.0,-21.0,0.8337889071553946,-0.030422678813920356,0.027649589916109107
786,10.0,9.27,20.0,-21.0,0.8636336070485413,-0.02912766435474623,0.02670433518505888
787,10.0,9.32,20.0,-21.0,0.8839935311116278,-0.028857627301476896,0.027365133726561908
788,8.0,9.27,20.0,-21.0,1.0184406810440123,-0.034327992019825615,0.028280034275667276
789,9.0,9.18,20.0,-21.0,0.7934880708344281,-0.023559412562462967,0.024584743125160458
790,4.0,9.09,20.0,-21.0,0.6427821987308562,-0.022047477432352025,0.020544508388411487
791,9.0,9.08,20.0,-21.0,0.9843792971223593,-0.03201706330582965,0.031860895578574855
792,9.0,9.08,20.0,-21.0,0.8522775149904191,-0.030215765757020563,0.032542672830459196
793,14.0,9.13,20.0,-21.0,0.8617939506657422,-0.029343870875891298,0.024278379147290252
794,2.0,9.01,20.0,-21.0,1.2244677050039172,-0.03946912777610123,0.06411567857139744
795,17.0,9.02,20.0,-21.0,0.883157517760992,-0.029489608947187662,0.02356471464736387
796,15.0,9.11,20.0,-21.0,0.6435708831995726,-0.023370452894596383,0.029936536237073597
797,13.0,9.13,20.0,-21.0,1.1737129166722298,-0.038743493729270995,0.038406943138397764
798,11.0,9.11,20.0,-21.0,0.7905214750207961,-0.02860091500042472,0.022626277946983464
799,5.0,9.0,20.0,-21.0,0.6030519441701472,-0.02564059763972182,0.02099549979902804
800,7.0,8.93,20.0,-21.0,0.7886408846825361,-0.030837295606033877,0.019655905867693946
801,6.0,8.86,20.0,-21.0,0.7373563856817782,-0.027972033349215053,0.019709526121005183
802,16.0,8.89,20.0,-21.0,0.9217379591427743,-0.029663565452210605,0.02630603856232483
803,16.0,8.86,20.0,-21.0,0.6449944686610252,-0.024741203713347204,0.02685857487085741
804,3.0,8.73,20.0,-21.0,0.90126051614061,-0.030004588174051605,0.021622355918225367
805,15.0,8.76,20.0,-21.0,0.8834055424667895,-0.022641806630417705,0.0366967642257805
806,14.0,8.77,20.0,-21.0,0.8814413854852319,-0.032567829824984074,0.02864262198272627
807,7.0,8.75,20.0,-21.0,0.7022469146177173,-0.02296937448409153,0.026905664555670228
808,9.0,8.7,20.0,-21.0,0.8027523080818355,-0.028772297111572698,0.02933186876180116
809,7.0,8.65,20.0,-21.0,0.6704947813414037,-0.023216315705212764,0.024113297535222955
810,17.0,8.78,20.0,-21.0,0.6597618258092552,-0.026096523812157102,0.02099281056143809
811,11.0,8.85,20.0,-21.0,0.9966212408617139,-0.029582908777229022,0.027199616219149902
812,10.0,8.82,20.0,-21.0,0.8201627158559859,-0.030140705857775174,0.024995427062094677
813,3.0,8.69,20.0,-21.0,1.0988364573568106,-0.03435906145750778,0.05051243366324343
814,13.0,8.72,20.0,-21.0,1.0984335001558065,-0.03682232638675487,0.033603886447963305
815,6.0,8.74,20.0,-21.0,0.70352952927351,-0.02162219659658149,0.0318402591146878
816,11.0,8.82,20.0,-21.0,0.7780823293142021,-0.025090976370847784,0.023937803012813674
817,13.0,8.88,20.0,-21.0,0.6994052645750344,-0.022459311461716425,0.020844866674451623
818,19.0,9.15,20.0,-21.0,0.813091111369431,-0.032107659651956055,0.019788398312812205
819,8.0,9.05,20.0,-21.0,0.653737427899614,-0.02218131985864602,0.022225476041057846
820,12.0,9.04,20.0,-21.0,0.5949462896678597,-0.024151321020326577,0.02492452825390501
821,9.0,9.12,20.0,-21.0,1.2400058507919312,-0.03655443267780356,0.06264384505630005
822,3.0,9.03,20.0,-21.0,1.3654000386595726,-0.0361306812701514,0.06073450614348985
823,7.0,9.11,20.0,-21.0,0.8050437048077583,-0.024956656954600476,0.0265126104313822
824,10.0,9.09,20.0,-21.0,1.1631474029272795,-0.03798038924287539,0.04359910009952728
825,12.0,9.08,20.0,-21.0,1.050158413592726,-0.03449906413879944,0.036731730215251446
826,10.0,9.07,20.0,-21.0,0.59611074347049,-0.024425129340670537,0.02618278085719794
827,10.0,9.16,20.0,-21.0,1.015489399433136,-0.033706285801599734,0.03918668074038578
828,18.0,9.26,20.0,-21.0,0.877879396546632,-0.030466833159152884,0.031063967537193093
829,16.0,9.24,20.0,-21.0,1.112728163599968,-0.03327249802168808,0.03761466296418803
830,19.0,9.33,20.0,-21.0,0.8937016394920647,-0.02935906958009582,0.029326829935598653
831,13.0,9.54,20.0,-21.0,0.6903608473949134,-0.027208977888221852,0.02931025031284662
832,11.0,9.47,20.0,-21.0,1.088701818138361,-0.03470435264171101,0.03869253297307296
833,15.0,9.73,20.0,-21.0,0.6543560372665524,-0.01974629589676624,0.022097303801274393
834,9.0,9.68,20.0,-21.0,0.873460094910115,-0.03248080006596865,0.033001005547703244
835,7.0,9.63,20.0,-21.0,0.48783983616158366,-0.018472503346856683,0.01971723588576424
836,9.0,9.58,20.0,-21.0,0.7247596802189946,-0.025450480621657334,0.024685437376319896
837,-9.0,9.3,20.0,-21.0,0.9857938326895237,-0.032835792560945265,0.029210053900897037
838,10.0,9.3,20.0,-21.0,1.1267570815980434,-0.03337035961158108,0.052968967487686314
839,8.0,9.34,20.0,-21.0,0.775979867670685,-0.02674371505418094,0.027618164909654297
840,5.0,9.28,20.0,-21.0,0.6254996622446924,-0.02325255289906636,0.026941788572003134
841,16.0,9.37,20.0,-21.0,0.6166017903015018,-0.02088426405680366,0.027039185762987472
842,19.0,9.42,20.0,-21.0,0.6757649602368474,-0.020447416420211084,0.025445239079999737
843,11.0,9.33,20.0,-21.0,0.8662824723869562,-0.028617102361749858,0.02967821800848469
844,18.0,9.36,20.0,-21.0,0.9027217398397624,-0.02927885811368469,0.026958600465150084
845,-1.0,9.19,20.0,-21.0,0.8227101159282029,-0.028885857871500775,0.02770441580651095
846,14.0,9.36,20.0,-21.0,0.8195883557200432,-0.026482208457309753,0.029970268806209788
847,14.0,9.42,20.0,-21.0,0.8817231771536171,-0.028639111544180196,0.02310174006561283
848,12.0,9.4,20.0,-21.0,0.549407614627853,-0.0195409880252555,0.030064783444686327
849,4.0,9.43,20.0,-21.0,1.1014632652513683,-0.03890405177662615,0.04017100510827731
850,12.0,9.42,20.0,-21.0,0.47485894756391644,-0.02022153281723149,0.02010862488532439
851,10.0,9.53,20.0,-21.0,0.6261557773686945,-0.024655961875396315,0.018178744012402603
852,18.0,9.55,20.0,-21.0,0.7149790786206722,-0.02212049802619731,0.027492811721458565
853,8.0,9.45,20.0,-21.0,0.766703287139535,-0.02346009718894493,0.028770855271432083
854,2.0,9.3,20.0,-21.0,0.9067980721592903,-0.02566374425077811,0.02746483395458199
855,16.0,9.56,20.0,-21.0,0.7271978673525155,-0.02415716217365116,0.027294403036648873
856,-15.0,9.32,20.0,-21.0,0.6173319409135729,-0.021257908665575087,0.02058257785756723
857,11.0,9.29,20.0,-21.0,0.8250938854180276,-0.025169809960061684,0.025904935944708996
858,4.0,9.23,20.0,-21.0,1.2025836622342467,-0.032799215929117054,0.05035102239344269
859,8.0,9.2,20.0,-21.0,0.61706009414047,-0.021595617523416877,0.025517768088320736
860,-2.0,9.09,20.0,-21.0,0.8674531611613929,-0.031065926399605814,0.024581378955190303
861,14.0,9.11,20.0,-21.0,0.8884980683214962,-0.02880328353785444,0.039630909741390496
862,15.0,9.46,20.0,-21.0,0.9139305716380477,-0.03124802307866048,0.03529407984751742
863,9.0,9.44,20.0,-21.0,1.0776429828256369,-0.034711408043222036,0.046960038860561326
864,10.0,9.38,20.0,-21.0,0.6766214731615037,-0.026693551015341654,0.03420546204870334
865,6.0,9.29,20.0,-21.0,0.6546145090833306,-0.024477399347233586,0.01819001866169856
866,9.0,9.37,20.0,-21.0,0.854354009963572,-0.028564088606799487,0.02661074927164009
867,1.0,9.28,20.0,-21.0,1.1412110989913344,-0.03677490217523882,0.05172303611470852
868,7.0,9.19,20.0,-21.0,0.5323500302620232,-0.020785694563528523,0.028380374005791964
869,10.0,9.14,20.0,-21.0,0.8285834812559187,-0.02634910553751979,0.02646554283273872
870,20.0,9.25,20.0,-21.0,1.2082302179187536,-0.030506197072099894,0.048013239284045994
871,13.0,9.31,20.0,-21.0,0.7259214799851179,-0.02401194353296887,0.027555891276279
872,20.0,9.54,20.0,-21.0,0.5282904340419918,-0.02127023271168582,0.022836566022306215
873,10.0,9.47,20.0,-21.0,0.5547830800060183,-0.022320199641399086,0.023063606036885176
874,13.0,9.42,20.0,-21.0,0.7765012546442449,-0.02722522483963985,0.023144824204791803
875,11.0,9.72,20.0,-21.0,0.8215827397070825,-0.026819432314368896,0.03046889978577383
876,12.0,9.82,20.0,-21.0,0.9019526005722582,-0.029430368260364048,0.03174734991625883
877,16.0,9.94,20.0,-21.0,0.9850146230310202,-0.0358012706565205,0.04054114237806061
878,10.0,9.94,20.0,-21.0,0.7321015628986061,-0.02388754318235442,0.021996256084094057
879,18.0,10.03,20.0,-21.0,0.8153498340398073,-0.02695069691981189,0.030117104113742243
880,15.0,10.11,20.0,-21.0,0.6142960973083973,-0.023548889977973886,0.023812811625248287
881,4.0,10.11,20.0,-21.0,1.0098521946929395,-0.03387401274085278,0.028255113938939758
882,9.0,10.07,20.0,-21.0,0.5325306060258299,-0.01945998395967763,0.026054799847770482
883,10.0,10.08,20.0,-21.0,0.8822417864575982,-0.029743611157755367,0.02300222631311044
884,15.0,10.22,20.0,-21.0,0.6852788622491062,-0.021535785708692856,0.021055117751529906
885,5.0,10.12,20.0,-21.0,0.550645352108404,-0.02002948736480903,0.02051482966999174
886,17.0,10.19,20.0,-21.0,0.8211849019862711,-0.0264731184579432,0.031894336301775184
887,7.0,10.16,20.0,-21.0,0.8322806661017239,-0.027577876069699414,0.021355012289859587
888,11.0,10.19,20.0,-21.0,0.5882647798862308,-0.02356368090840988,0.01880092254941701
889,7.0,10.17,20.0,-21.0,0.802752276416868,-0.02959715032193344,0.029108027716574725
890,-3.0,10.1,20.0,-21.0,0.9935551681555808,-0.027918255334952846,0.040683393861399963
891,7.0,10.08,20.0,-21.0,0.6470327978022397,-0.02268061618815409,0.023095796568668447
892,10.0,10.09,20.0,-21.0,0.5961768575944006,-0.023719355391222052,0.029252695359900827
893,12.0,10.07,20.0,-21.0,1.3996795685961843,-0.040277891559526324,0.04719382971234154
894,16.0,10.21,20.0,-21.0,1.0386023265309632,-0.03481016631121747,0.04524858357035555
895,15.0,10.19,20.0,-21.0,0.819544562138617,-0.02771719064185163,0.034277771002962254
896,14.0,10.18,20.0,-21.0,0.7107936344109476,-0.02356561811757274,0.02841342764440924
897,3.0,10.08,20.0,-21.0,0.9735225168988109,-0.0303410828782944,0.025028543099324452
898,15.0,10.12,20.0,-21.0,0.6559804191347212,-0.020731616830744315,0.02019738945455174
899,11.0,10.18,20.0,-21.0,1.3690521884709597,-0.04255878797994228,0.05266535290866159
900,15.0,10.26,20.0,-21.0,0.9370804615318775,-0.030268710455857217,0.0385128633788554
901,20.0,10.4,20.0,-21.0,0.7869042162783444,-0.02580450697860215,0.03014971152151702
902,8.0,10.32,20.0,-21.0,0.8111792779527605,-0.02485630191222299,0.027912184967135545
903,-1.0,10.15,20.0,-21.0,0.6935294629074633,-0.025863836912321858,0.030397011003515217
904,11.0,10.23,20.0,-21.0,0.8383446275256574,-0.026567058317596093,0.034178125286416616
905,10.0,10.18,20.0,-21.0,0.5075575939845294,-0.022026686208846513,0.020310677577072056
906,-4.0,10.0,20.0,-21.0,0.7136477315798402,-0.024719725610339083,0.02177880586896208
907,16.0,10.09,20.0,-21.0,1.3779560551047325,-0.03692076352308504,0.05929787937202491
908,13.0,10.13,20.0,-21.0,0.865290813613683,-0.03092927363468334,0.041217084632080514
909,7.0,10.13,20.0,-21.0,1.0254561007022858,-0.03110479703900637,0.041056444475543685
910,11.0,10.07,20.0,-21.0,0.8147716824896634,-0.023315504942729603,0.027276186945528025
911,-2.0,9.94,20.0,-21.0,0.9860223950818181,-0.033296419387625065,0.03737961432489101
912,18.0,10.02,20.0,-21.0,0.6066731647588313,-0.021585728420177475,0.03010198635456618
913,14.0,10.13,20.0,-21.0,0.8572866665199399,-0.025315373786725104,0.030035620315175038
914,14.0,10.14,20.0,-21.0,0.9765904364176095,-0.032506082119653,0.043946909965598024
915,4.0,10.12,20.0,-21.0,0.706521013751626,-0.0239653143871692,0.021305881571606733
916,17.0,10.18,20.0,-21.0,0.6157128536142409,-0.02181561558973044,0.020012398053950164
917,6.0,10.11,20.0,-21.0,1.0381281501613557,-0.035162436761311255,0.035778112382104155
918,10.0,10.02,20.0,-21.0,0.9214574131183326,-0.026635474227077793,0.026611315948684933
919,14.0,10.08,20.0,-21.0,0.5322161922231317,-0.021989680601109285,0.02454182545261574
920,14.0,10.1,20.0,-21.0,0.8469120105728507,-0.030619304190622643,0.03423513223970076
921,11.0,10.12,20.0,-21.0,0.5775358050595969,-0.021670706250006333,0.023196008816739777
922,9.0,10.18,20.0,-21.0,0.864692269358784,-0.02943190916266758,0.026163064620050136
923,5.0,10.16,20.0,-21.0,0.624212087597698,-0.02144542742462363,0.023985041843843646
924,11.0,10.17,20.0,-21.0,0.5712868911214173,-0.02337954925314989,0.020047317098942585
925,14.0,10.19,20.0,-21.0,1.0879007512703538,-0.032674198984750547,0.03892475397879025
926,3.0,10.12,20.0,-21.0,0.871553017757833,-0.024741786040976876,0.038767347250541206
927,13.0,10.15,20.0,-21.0,0.8788989000022411,-0.02950351993786171,0.03319610754988389
928,11.0,10.08,20.0,-21.0,0.6951745757833123,-0.022841581259854138,0.030236356076784432
929,7.0,9.99,20.0,-21.0,0.8561843014322221,-0.028674768036580645,0.02715710648772074
930,2.0,9.82,20.0,-21.0,0.695025754859671,-0.022563972393982112,0.028389225590217393
931,9.0,9.78,20.0,-21.0,0.9423709413968027,-0.030713327083503827,0.03293018355907407
932,-1.0,9.66,20.0,-21.0,0.9246352594345808,-0.03049773098609876,0.03443338810757268
933,9.0,9.6,20.0,-21.0,0.8881471296772361,-0.02885707246605307,0.028589243585884105
934,7.0,9.58,20.0,-21.0,0.7136900501791388,-0.024297352894791402,0.026911382781690918
935,-1.0,9.5,20.0,-21.0,0.9073741273023188,-0.02935895128757693,0.03041408876015339
936,13.0,9.54,20.0,-21.0,0.9770026230253279,-0.031802199060621206,0.03748568068112945
937,9.0,9.72,20.0,-21.0,0.863900703843683,-0.023236294320668094,0.03648221727780765
938,3.0,9.65,20.0,-21.0,0.8923040763475001,-0.030330866189615335,0.03145027509890497
939,-10.0,9.47,20.0,-21.0,0.6833680716808885,-0.022435527069319505,0.024329754029167816
940,15.0,9.57,20.0,-21.0,1.038001551758498,-0.034304028828046285,0.030499635249725543
941,10.0,9.51,20.0,-21.0,0.8635397492907941,-0.029849178783479147,0.024823577783536166
942,9.0,9.41,20.0,-21.0,0.7767265625298023,-0.026442504095030017,0.023996883988729678
943,9.0,9.39,20.0,-21.0,0.8745347154326737,-0.029241312542581,0.024131333935656585
944,9.0,9.3,20.0,-21.0,0.837602449581027,-0.02773803648597095,0.0257453266021912
945,10.0,9.41,20.0,-21.0,0.774543069768697,-0.025334065139759332,0.02186943302876898
946,-19.0,9.08,20.0,-21.0,0.8437467813491821,-0.03039947574143298,0.030455467604042497
947,7.0,9.01,20.0,-21.0,0.972905027680099,-0.02796210433007218,0.040478550268744584
948,12.0,9.01,20.0,-21.0,0.6673961170017719,-0.020732837074319832,0.02808498670492554
949,5.0,9.02,20.0,-21.0,0.915357441175729,-0.030011921146069653,0.02937625649792608
950,5.0,8.95,20.0,-21.0,0.9928712979890406,-0.033463273095549084,0.03648028339375742
951,14.0,8.99,20.0,-21.0,1.024647924117744,-0.03499958042084472,0.03663995218812488
952,14.0,8.95,20.0,-21.0,0.6912460485473275,-0.023104222658730578,0.028951702573976945
953,14.0,9.01,20.0,-21.0,0.97758251382038,-0.029976273435750045,0.03389427001820877
954,-10.0,8.89,20.0,-21.0,0.9671257114969194,-0.028602082456927747,0.02638748044046224
955,10.0,8.83,20.0,-21.0,0.5441568684764206,-0.0216681875026552,0.033048668869014364
956,11.0,9.09,20.0,-21.0,1.0907699093222618,-0.035054722444328945,0.028189919350552373
957,7.0,9.05,20.0,-21.0,0.6207985084038228,-0.024704084135009907,0.029148355424695183
958,10.0,9.11,20.0,-21.0,0.8614867031574249,-0.03044052633777028,0.026245245993777644
959,7.0,9.1,20.0,-21.0,1.0223153964616358,-0.034848135110223666,0.029423970729112625
960,16.0,9.28,20.0,-21.0,0.7598807038739324,-0.025078579885303043,0.021161771306651644
961,4.0,9.18,20.0,-21.0,0.9403986446559429,-0.031150250411883462,0.02842209453228861
962,18.0,9.21,20.0,-21.0,0.5491580062080175,-0.019362821061804425,0.024723618182179052
963,-16.0,8.96,20.0,-21.0,0.8931027725338936,-0.028196503088111058,0.030317725242639426
964,12.0,8.98,20.0,-21.0,0.6559806826990098,-0.024093801559502026,0.02093997746851528
965,4.0,8.96,20.0,-21.0,0.5550613403320312,-0.021651261209626682,0.01844518994766986
966,-1.0,8.86,20.0,-21.0,0.7674079218413681,-0.024938777889474295,0.0185402566967241
967,7.0,8.92,20.0,-21.0,1.1717083202674985,-0.041376126871909946,0.031020847214676905
968,17.0,9.02,20.0,-21.0,0.9189115343615413,-0.029932289020507596,0.029276431960170157
969,-13.0,8.79,20.0,-21.0,0.884119177237153,-0.030070567219809163,0.02612574138038326
970,9.0,8.68,20.0,-21.0,0.8735516583546996,-0.031831790824071504,0.02173004882206442
971,11.0,8.66,20.0,-21.0,0.7722523165866733,-0.0254223972078762,0.021656759243342094
972,-5.0,8.41,20.0,-21.0,0.5904389170464128,-0.020605084326234646,0.02210046622349182
973,-19.0,8.12,20.0,-21.0,1.1036116569302976,-0.03784597610501805,0.04156017863715533
974,15.0,8.14,20.0,-21.0,0.7648838753812015,-0.02343946435576072,0.018532863170548808
975,12.0,8.15,20.0,-21.0,0.9517942215315998,-0.033858149909065105,0.03404309956385987
976,4.0,8.07,20.0,-21.0,0.9468967141583562,-0.033496674441266805,0.027819542767247185
977,15.0,8.06,20.0,-21.0,0.9021026422269642,-0.026414837135234848,0.0323416394967353
978,17.0,8.13,20.0,-21.0,0.7971426928415895,-0.02517582307336852,0.02865138880588347
979,-4.0,7.91,20.0,-21.0,1.0605067554861307,-0.03317819691437762,0.04787955158826662
980,16.0,7.92,20.0,-21.0,0.8047848297283053,-0.02847142587415874,0.02454429955469095
981,10.0,7.98,20.0,-21.0,0.981316092889756,-0.032154674248886295,0.03176008982700296
982,5.0,7.94,20.0,-21.0,0.8870383533649147,-0.03118681338673923,0.028603168029803783
983,7.0,7.91,20.0,-21.0,0.9058527280576527,-0.030506292212521657,0.026203251247352455
984,6.0,7.82,20.0,-21.0,0.859871702734381,-0.028266763794817962,0.03795656745933229
985,9.0,7.86,20.0,-21.0,0.8204856845550239,-0.024715862309676595,0.024352503940463066
986,9.0,7.78,20.0,-21.0,0.7919834428466856,-0.023598586143634748,0.029206834482465638
987,5.0,7.76,20.0,-21.0,0.7643194417469203,-0.028048683823726606,0.026538397163676564
988,5.0,7.7,20.0,-21.0,1.0081137786619365,-0.03301987916347571,0.03081424461561255
989,5.0,7.68,20.0,-21.0,0.9292680630460382,-0.03033915167907253,0.03192488128115656
990,18.0,7.89,20.0,-21.0,0.8286742689087987,-0.02652971204952337,0.03468093516130466
991,8.0,7.9,20.0,-21.0,0.7226296607404947,-0.02373333484865725,0.022856802479509497
992,16.0,7.96,20.0,-21.0,0.5933283313643187,-0.023351818817900494,0.02932460176452878
993,15.0,7.99,20.0,-21.0,1.0762285715900362,-0.028303940358455293,0.0395125384820858
994,13.0,7.96,20.0,-21.0,0.7519225291907787,-0.027195100614335388,0.02323910527775297
995,-4.0,7.77,20.0,-21.0,0.8641068148426712,-0.029362724351813085,0.034685926024394576
996,13.0,7.76,20.0,-21.0,0.6943396362476051,-0.023725563041807618,0.02618856047774898
997,14.0,7.87,20.0,-21.0,0.9553936151787639,-0.031140219725784846,0.03325638746173354
998,6.0,7.78,20.0,-21.0,0.6281062788330019,-0.022857687377836555,0.021827536387718283
999,12.0,7.79,20.0,-21.0,0.6711065338458866,-0.021843846778210718,0.020295652189815883
1000,18.0,7.82,20.0,-21.0,1.068336742464453,-0.03407672985485988,0.036394279879459646
